issue,old_url,new_url,microblog_id,date,entry_text,post_text,similarity,old_status,old_final,new_status,new_final,repair_to,page_similarity,verdict,reason
1,https://www.thingelstad.com/2017/05/06/if-you-work.html,https://www.thingelstad.com/2017/05/06/125236.html,1317490,2017-05-06,if you work in tech it s enlightening to sit at the apple genius bar and just li,repair trip to the genius bar imac has a broken spring on the hinge one airpod w,1.00,404,,200,,https://www.thingelstad.com/2017/05/06/125236.html,,confirmed,"old dead, new live, texts match"
1,https://www.thingelstad.com/2017/05/06/repair-trip-to.html,https://www.thingelstad.com/2017/05/06/125236.html,1317490,2017-05-06,repair trip to the genius bar imac has a broken spring on the hinge one airpod w,repair trip to the genius bar imac has a broken spring on the hinge one airpod w,1.00,404,,200,,https://www.thingelstad.com/2017/05/06/125236.html,,confirmed,"old dead, new live, texts match"
1,https://www.thingelstad.com/2017/05/10/cool-live-coding.html,https://www.thingelstad.com/2017/05/10/sps-techjam.html,1320679,2017-05-10,cool live coding and running it inside browser presentation template nice,kicking off teamsps techjam community event great day of learning and sharing te,1.00,404,,200,,https://www.thingelstad.com/2017/05/10/sps-techjam.html,,confirmed,"old dead, new live, texts match"
1,https://www.thingelstad.com/2017/05/10/corbett-sharing-with.html,https://www.thingelstad.com/2017/05/10/sps-techjam.html,1320679,2017-05-10,corbett sharing with teamsps techjam the fundamental value of the sps network br,kicking off teamsps techjam community event great day of learning and sharing te,1.00,404,,200,,https://www.thingelstad.com/2017/05/10/sps-techjam.html,,confirmed,"old dead, new live, texts match"
1,https://www.thingelstad.com/2017/05/10/dan-talking-at.html,https://www.thingelstad.com/2017/05/10/sps-techjam.html,1320679,2017-05-10,dan talking at teamsps techjam about isolation and benefits to systems less fric,kicking off teamsps techjam community event great day of learning and sharing te,1.00,404,,200,,https://www.thingelstad.com/2017/05/10/sps-techjam.html,,confirmed,"old dead, new live, texts match"
1,https://www.thingelstad.com/2017/05/10/had-a-great.html,https://www.thingelstad.com/2017/05/10/sps-techjam.html,1320679,2017-05-10,had a great time doing teamsps vp jeopardy at techjam good sports kent ktangen a,kicking off teamsps techjam community event great day of learning and sharing te,0.84,404,,200,,https://www.thingelstad.com/2017/05/10/sps-techjam.html,,confirmed,"old dead, but the texts differ; Jamie approved 2026-10-01 (hashtags/mentions dropped in micro.blog merge)"
1,https://www.thingelstad.com/2017/05/10/jez-humble-jezhumble.html,https://www.thingelstad.com/2017/05/10/sps-techjam.html,1320679,2017-05-10,jez humble jezhumble giving remote keynote for teamsps techjam on continuous del,kicking off teamsps techjam community event great day of learning and sharing te,0.92,404,,200,,https://www.thingelstad.com/2017/05/10/sps-techjam.html,,confirmed,"old dead, new live, texts match"
1,https://www.thingelstad.com/2017/05/10/kicking-off-teamsps.html,https://www.thingelstad.com/2017/05/10/sps-techjam.html,1320679,2017-05-10,kicking off teamsps tech jam community event great day of learning and sharing t,kicking off teamsps techjam community event great day of learning and sharing te,0.88,404,,200,,https://www.thingelstad.com/2017/05/10/sps-techjam.html,,confirmed,"old dead, but the texts differ; Jamie approved 2026-10-01 (hashtags/mentions dropped in micro.blog merge)"
1,https://www.thingelstad.com/2017/05/10/marcell-sharing-capabilities.html,https://www.thingelstad.com/2017/05/10/sps-techjam.html,1320679,2017-05-10,marcell sharing capabilities of the newest editions of microsoft sql server,kicking off teamsps techjam community event great day of learning and sharing te,1.00,404,,200,,https://www.thingelstad.com/2017/05/10/sps-techjam.html,,confirmed,"old dead, new live, texts match"
1,https://www.thingelstad.com/2017/05/10/nate-and-dan.html,https://www.thingelstad.com/2017/05/10/sps-techjam.html,1320679,2017-05-10,nate and dan sharing how they are using serverless solutions to create scalable ,kicking off teamsps techjam community event great day of learning and sharing te,1.00,404,,200,,https://www.thingelstad.com/2017/05/10/sps-techjam.html,,confirmed,"old dead, new live, texts match"
1,https://www.thingelstad.com/2017/05/10/teamsps-introduction-to.html,https://www.thingelstad.com/2017/05/10/sps-techjam.html,1320679,2017-05-10,teamsps introduction to go by cody techjam,kicking off teamsps techjam community event great day of learning and sharing te,1.00,404,,200,,https://www.thingelstad.com/2017/05/10/sps-techjam.html,,confirmed,"old dead, new live, texts match"
1,https://www.thingelstad.com/2017/05/10/travis-travisjgosselin-sharing.html,https://www.thingelstad.com/2017/05/10/sps-techjam.html,1320679,2017-05-10,travis travisjgosselin sharing the devops journey in our toronto teamsps office ,kicking off teamsps techjam community event great day of learning and sharing te,0.92,404,,200,,https://www.thingelstad.com/2017/05/10/sps-techjam.html,,confirmed,"old dead, new live, texts match"
1,https://www.thingelstad.com/2017/05/10/valentin-from-our.html,https://www.thingelstad.com/2017/05/10/sps-techjam.html,1320679,2017-05-10,valentin from our kyiv office presenting at techjam about migrating their servic,kicking off teamsps techjam community event great day of learning and sharing te,1.00,404,,200,,https://www.thingelstad.com/2017/05/10/sps-techjam.html,,confirmed,"old dead, new live, texts match"
1,https://www.thingelstad.com/2017/05/11/tough-choices-great.html,https://www.thingelstad.com/2017/05/10/sps-techjam.html,1320679,2017-05-11,tough choices great beer or great beer,kicking off teamsps techjam community event great day of learning and sharing te,1.00,404,,200,,https://www.thingelstad.com/2017/05/10/sps-techjam.html,,confirmed,"old dead, new live, texts match"
1,https://www.thingelstad.com/2017/05/11/wrapped-up-teamsps.html,https://www.thingelstad.com/2017/05/10/sps-techjam.html,1320679,2017-05-11,wrapped up teamsps techjam with kubb beer and burgers,kicking off teamsps techjam community event great day of learning and sharing te,1.00,404,,200,,https://www.thingelstad.com/2017/05/10/sps-techjam.html,,confirmed,"old dead, new live, texts match"
3,http://www.thingelstad.com/2017/05/21/feel-bad-for.html,http://jthingelstad.micro.blog/2017/05/21/tyler-and-i.html,29696,2017-05-21,feel bad for ramirez ugh,this united crowd is crazy today wow energy shuttleworth should always wear the ,1.00,404,https://www.thingelstad.com/2017/05/21/feel-bad-for.html,200,https://www.thingelstad.com/2017/05/21/tyler-and-i.html,https://www.thingelstad.com/2017/05/21/tyler-and-i.html,,confirmed,"old dead, new live, texts match"
3,http://www.thingelstad.com/2017/05/21/mn-united-own.html,http://jthingelstad.micro.blog/2017/05/21/tyler-and-i.html,29696,2017-05-21,mn united own goal,this united crowd is crazy today wow energy shuttleworth should always wear the ,1.00,404,https://www.thingelstad.com/2017/05/21/mn-united-own.html,200,https://www.thingelstad.com/2017/05/21/tyler-and-i.html,https://www.thingelstad.com/2017/05/21/tyler-and-i.html,,confirmed,"old dead, new live, texts match"
3,http://www.thingelstad.com/2017/05/21/shuttleworth-should-always.html,http://jthingelstad.micro.blog/2017/05/21/tyler-and-i.html,29696,2017-05-21,shuttleworth should always wear the face guard makes him look crazy,this united crowd is crazy today wow energy shuttleworth should always wear the ,1.00,404,https://www.thingelstad.com/2017/05/21/shuttleworth-should-always.html,200,https://www.thingelstad.com/2017/05/21/tyler-and-i.html,https://www.thingelstad.com/2017/05/21/tyler-and-i.html,,confirmed,"old dead, new live, texts match"
3,http://www.thingelstad.com/2017/05/21/this-united-crowd.html,http://jthingelstad.micro.blog/2017/05/21/tyler-and-i.html,29696,2017-05-21,this united crowd is crazy today wow energy,this united crowd is crazy today wow energy shuttleworth should always wear the ,1.00,404,https://www.thingelstad.com/2017/05/21/this-united-crowd.html,200,https://www.thingelstad.com/2017/05/21/tyler-and-i.html,https://www.thingelstad.com/2017/05/21/tyler-and-i.html,,confirmed,"old dead, new live, texts match"
5,http://www.thingelstad.com/2017/06/03/got-to-congratulate.html,http://jthingelstad.micro.blog/2017/06/03/found-a-tardishttpsenwikipediaorgwikitardis.html,71839,2017-06-03,got to congratulate paul boswell in person on his successful kickstarter for tur,found a tardis at maker faire uss missouri in legos from brickmania got to congr,1.00,404,https://www.thingelstad.com/2017/06/03/got-to-congratulate.html,200,https://www.thingelstad.com/2017/06/03/found-a-tardishttpsenwikipediaorgwikitardis.html,https://www.thingelstad.com/2017/06/03/found-a-tardishttpsenwikipediaorgwikitardis.html,,confirmed,"old dead, new live, texts match"
5,http://www.thingelstad.com/2017/06/03/hanging-with-rd.html,http://jthingelstad.micro.blog/2017/06/03/found-a-tardishttpsenwikipediaorgwikitardis.html,71839,2017-06-03,hanging with r2 d2 at maker faire,found a tardis at maker faire uss missouri in legos from brickmania got to congr,1.00,404,https://www.thingelstad.com/2017/06/03/hanging-with-rd.html,200,https://www.thingelstad.com/2017/06/03/found-a-tardishttpsenwikipediaorgwikitardis.html,https://www.thingelstad.com/2017/06/03/found-a-tardishttpsenwikipediaorgwikitardis.html,,confirmed,"old dead, new live, texts match"
5,http://www.thingelstad.com/2017/06/03/uss-missouri-in.html,http://jthingelstad.micro.blog/2017/06/03/found-a-tardishttpsenwikipediaorgwikitardis.html,71839,2017-06-03,uss missouri in legos from brickmania,found a tardis at maker faire uss missouri in legos from brickmania got to congr,1.00,404,https://www.thingelstad.com/2017/06/03/uss-missouri-in.html,200,https://www.thingelstad.com/2017/06/03/found-a-tardishttpsenwikipediaorgwikitardis.html,https://www.thingelstad.com/2017/06/03/found-a-tardishttpsenwikipediaorgwikitardis.html,,confirmed,"old dead, new live, texts match"
6,http://www.thingelstad.com/2017/06/10/asparagus-too-for.html,http://jthingelstad.micro.blog/2017/06/10/beef-tenderloin-on.html,72587,2017-06-10,asparagus too for the steak big green egg makes everything delicious,beef tenderloin on the big green egg tonight asparagus too for the steak big gre,1.00,404,https://www.thingelstad.com/2017/06/10/asparagus-too-for.html,200,https://www.thingelstad.com/2017/06/10/beef-tenderloin-on.html,https://www.thingelstad.com/2017/06/10/beef-tenderloin-on.html,,confirmed,"old dead, new live, texts match"
6,http://www.thingelstad.com/2017/06/17/030009.html,http://jthingelstad.micro.blog/2017/06/17/excited-to-see.html,80899,2017-06-17,semisonic fnt,excited to see semisonic playing great divide tonight cool to have jeremy messer,1.00,404,https://www.thingelstad.com/2017/06/17/030009.html,200,https://www.thingelstad.com/2017/06/17/excited-to-see.html,https://www.thingelstad.com/2017/06/17/excited-to-see.html,,confirmed,"old dead, new live, texts match"
6,http://www.thingelstad.com/2017/06/17/cool-to-have.html,http://jthingelstad.micro.blog/2017/06/17/excited-to-see.html,80899,2017-06-17,cool to have jeremy messersmith open for semisonic his voice reminds me of dan w,excited to see semisonic playing great divide tonight cool to have jeremy messer,1.00,404,https://www.thingelstad.com/2017/06/17/cool-to-have.html,200,https://www.thingelstad.com/2017/06/17/excited-to-see.html,https://www.thingelstad.com/2017/06/17/excited-to-see.html,,confirmed,"old dead, new live, texts match"
6,http://www.thingelstad.com/2017/06/17/its-amazing-how.html,http://jthingelstad.micro.blog/2017/06/17/excited-to-see.html,80899,2017-06-17,it s amazing how many bands are still playing from the 90 s pixies dinosaur jr m,excited to see semisonic playing great divide tonight cool to have jeremy messer,1.00,404,https://www.thingelstad.com/2017/06/17/its-amazing-how.html,200,https://www.thingelstad.com/2017/06/17/excited-to-see.html,https://www.thingelstad.com/2017/06/17/excited-to-see.html,,confirmed,"old dead, new live, texts match"
8,http://www.thingelstad.com/2017/06/25/cairns-on-the.html,https://www.thingelstad.com/2017/06/24/our-cottage-on.html,1349494,2017-06-25,cairns on the lake michigan shoreline near where we are staying this week,our cottage on the shore of lake michigan for the week very pleasant here cairns,1.00,404,https://www.thingelstad.com/2017/06/25/cairns-on-the.html,200,,https://www.thingelstad.com/2017/06/24/our-cottage-on.html,,confirmed,"old dead, new live, texts match"
8,http://www.thingelstad.com/2017/06/25/our-cottage-on.html,https://www.thingelstad.com/2017/06/24/our-cottage-on.html,1349494,2017-06-25,our cottage on the shore of lake michigan for the week very pleasant here,our cottage on the shore of lake michigan for the week very pleasant here cairns,1.00,404,https://www.thingelstad.com/2017/06/25/our-cottage-on.html,200,,https://www.thingelstad.com/2017/06/24/our-cottage-on.html,,confirmed,"old dead, new live, texts match"
8,http://www.thingelstad.com/2017/06/25/our-view-for.html,https://www.thingelstad.com/2017/06/24/our-cottage-on.html,1349494,2017-06-25,our view for the week lake michigan looks great just after sunset,our cottage on the shore of lake michigan for the week very pleasant here cairns,1.00,404,https://www.thingelstad.com/2017/06/25/our-view-for.html,200,,https://www.thingelstad.com/2017/06/24/our-cottage-on.html,,confirmed,"old dead, new live, texts match"
8,http://www.thingelstad.com/2017/06/25/tammy-and-i.html,https://www.thingelstad.com/2017/06/24/our-cottage-on.html,1349494,2017-06-25,tammy and i starting our family vacation to saugatuck by checking out the lakesh,our cottage on the shore of lake michigan for the week very pleasant here cairns,1.00,404,https://www.thingelstad.com/2017/06/25/tammy-and-i.html,200,,https://www.thingelstad.com/2017/06/24/our-cottage-on.html,,confirmed,"old dead, new live, texts match"
8,http://www.thingelstad.com/2017/06/29/family-had-a.html,https://www.thingelstad.com/2017/06/29/180623.html,1351584,2017-06-29,family had a great time and escaped from the barbershop at grand haven room esca,family had a great time and escaped from the barbershop at grand haven room esca,1.00,404,https://www.thingelstad.com/2017/06/29/family-had-a.html,200,,https://www.thingelstad.com/2017/06/29/180623.html,,confirmed,"old dead, new live, texts match"
8,http://www.thingelstad.com/2017/06/29/mlkky-requires-counting.html,https://www.thingelstad.com/2017/06/29/trying-mlkky-for.html,1351585,2017-06-29,mölkky requires counting skills,trying mölkky for the first time today fun alternative to kubb everything is fun,1.00,404,https://www.thingelstad.com/2017/06/29/mlkky-requires-counting.html,200,,https://www.thingelstad.com/2017/06/29/trying-mlkky-for.html,,confirmed,"old dead, new live, texts match"
8,http://www.thingelstad.com/2017/06/29/trying-mlkkyhttpsenwikipediaorgwikimlkky-for.html,https://www.thingelstad.com/2017/06/29/trying-mlkky-for.html,1351585,2017-06-29,trying mölkky for the first time today fun alternative to kubb everything is fun,trying mölkky for the first time today fun alternative to kubb everything is fun,1.00,404,https://www.thingelstad.com/2017/06/29/trying-mlkkyhttpsenwikipediaorgwikimlkky-for.html,200,,https://www.thingelstad.com/2017/06/29/trying-mlkky-for.html,,confirmed,"old dead, new live, texts match"
8,http://www.thingelstad.com/2017/06/29/we-got-to.html,https://www.thingelstad.com/2017/06/29/180623.html,1351584,2017-06-29,we got to put the very first pin for the entire state of minnesota on the wall a,family had a great time and escaped from the barbershop at grand haven room esca,1.00,404,https://www.thingelstad.com/2017/06/29/we-got-to.html,200,,https://www.thingelstad.com/2017/06/29/180623.html,,confirmed,"old dead, new live, texts match"
9,http://www.thingelstad.com/2017/07/01/selfservice-toll-booths.html,http://micro.thingelstad.com/2017/07/01/i-really-like.html,82479,2017-07-01,self service toll booths on i 90 by chicago are terribly slow bring the people b,i really like chicago this is as close as we get today on our way back to minnes,1.00,404,https://www.thingelstad.com/2017/07/01/selfservice-toll-booths.html,200,https://www.thingelstad.com/2017/07/01/i-really-like.html,https://www.thingelstad.com/2017/07/01/i-really-like.html,,confirmed,"old dead, new live, texts match"
9,http://www.thingelstad.com/2017/07/06/brandi-carlilehttpwwwbrandicarlilecom-now.html,https://www.thingelstad.com/2017/07/06/winnipeg-folk-festival.html,1357038,2017-07-06,brandi carlile now on stage at winnipeg folk festival so great,great spot for the winnipeg folk festival main stage tonight brandi carlile our ,1.00,404,https://www.thingelstad.com/2017/07/06/brandi-carlilehttpwwwbrandicarlilecom-now.html,200,,https://www.thingelstad.com/2017/07/06/winnipeg-folk-festival.html,,confirmed,"old dead, new live, texts match"
9,http://www.thingelstad.com/2017/07/06/camping-birds-hill.html,https://www.thingelstad.com/2017/07/06/winnipeg-folk-festival.html,1357038,2017-07-06,camping birds hill provincial park,great spot for the winnipeg folk festival main stage tonight brandi carlile our ,1.00,404,https://www.thingelstad.com/2017/07/06/camping-birds-hill.html,200,,https://www.thingelstad.com/2017/07/06/winnipeg-folk-festival.html,,confirmed,"old dead, new live, texts match"
9,http://www.thingelstad.com/2017/07/06/folk-fest-humor.html,https://www.thingelstad.com/2017/07/06/winnipeg-folk-festival.html,1357038,2017-07-06,folk fest humor what do you call a banjo player with a mortgage an optimist,great spot for the winnipeg folk festival main stage tonight brandi carlile our ,1.00,404,https://www.thingelstad.com/2017/07/06/folk-fest-humor.html,200,,https://www.thingelstad.com/2017/07/06/winnipeg-folk-festival.html,,confirmed,"old dead, new live, texts match"
9,http://www.thingelstad.com/2017/07/06/great-spot-for.html,https://www.thingelstad.com/2017/07/06/winnipeg-folk-festival.html,1357038,2017-07-06,great spot for the winnipeg folk festival main stage tonight brandi carlile our ,great spot for the winnipeg folk festival main stage tonight brandi carlile our ,1.00,404,https://www.thingelstad.com/2017/07/06/great-spot-for.html,200,,https://www.thingelstad.com/2017/07/06/winnipeg-folk-festival.html,,confirmed,"old dead, new live, texts match"
9,http://www.thingelstad.com/2017/07/06/the-shinshttptheshinscom-closing.html,https://www.thingelstad.com/2017/07/06/winnipeg-folk-festival.html,1357038,2017-07-06,the shins closing out first night on main stage at winnipeg folk festival,great spot for the winnipeg folk festival main stage tonight brandi carlile our ,1.00,404,https://www.thingelstad.com/2017/07/06/the-shinshttptheshinscom-closing.html,200,,https://www.thingelstad.com/2017/07/06/winnipeg-folk-festival.html,,confirmed,"old dead, new live, texts match"
9,http://www.thingelstad.com/2017/07/06/the-small-glorieshttpswwwthesmallgloriescom.html,https://www.thingelstad.com/2017/07/06/winnipeg-folk-festival.html,1357038,2017-07-06,the small glories starting the winnipeg folk festival on the main stage,great spot for the winnipeg folk festival main stage tonight brandi carlile our ,1.00,404,https://www.thingelstad.com/2017/07/06/the-small-glorieshttpswwwthesmallgloriescom.html,200,,https://www.thingelstad.com/2017/07/06/winnipeg-folk-festival.html,,confirmed,"old dead, new live, texts match"
9,http://www.thingelstad.com/2017/07/07/000551.html,https://www.thingelstad.com/2017/07/07/winnipeg-folk-festival.html,1357039,2017-07-07,richard inman just blew me away as a tweener at winnipeg folk festival wow,everyone seeking shade at the bur oak stage winnipeg folk festival esmé patterso,1.00,404,https://www.thingelstad.com/2017/07/07/000551.html,200,,https://www.thingelstad.com/2017/07/07/winnipeg-folk-festival.html,,confirmed,"old dead, new live, texts match"
9,http://www.thingelstad.com/2017/07/07/bruce-cockburnhttpbrucecockburncom-now.html,https://www.thingelstad.com/2017/07/07/winnipeg-folk-festival.html,1357039,2017-07-07,bruce cockburn now on main stage at winnipeg folk festival,everyone seeking shade at the bur oak stage winnipeg folk festival esmé patterso,1.00,404,https://www.thingelstad.com/2017/07/07/bruce-cockburnhttpbrucecockburncom-now.html,200,,https://www.thingelstad.com/2017/07/07/winnipeg-folk-festival.html,,confirmed,"old dead, new live, texts match"
9,http://www.thingelstad.com/2017/07/07/esm-pattersonhttpesmepattersoncom-kicking.html,https://www.thingelstad.com/2017/07/07/winnipeg-folk-festival.html,1357039,2017-07-07,esmé patterson kicking off friday night on winnipeg folk festival main stage,everyone seeking shade at the bur oak stage winnipeg folk festival esmé patterso,1.00,404,https://www.thingelstad.com/2017/07/07/esm-pattersonhttpesmepattersoncom-kicking.html,200,,https://www.thingelstad.com/2017/07/07/winnipeg-folk-festival.html,,confirmed,"old dead, new live, texts match"
9,http://www.thingelstad.com/2017/07/07/everyone-seeking-shade.html,https://www.thingelstad.com/2017/07/07/winnipeg-folk-festival.html,1357039,2017-07-07,everyone seeking shade at the bur oak stage winnipeg folk festival,everyone seeking shade at the bur oak stage winnipeg folk festival esmé patterso,1.00,404,https://www.thingelstad.com/2017/07/07/everyone-seeking-shade.html,200,,https://www.thingelstad.com/2017/07/07/winnipeg-folk-festival.html,,confirmed,"old dead, new live, texts match"
9,http://www.thingelstad.com/2017/07/07/moved-to-big.html,https://www.thingelstad.com/2017/07/07/winnipeg-folk-festival.html,1357039,2017-07-07,moved to big blue night stage to see camper van beethoven,everyone seeking shade at the bur oak stage winnipeg folk festival esmé patterso,1.00,404,https://www.thingelstad.com/2017/07/07/moved-to-big.html,200,,https://www.thingelstad.com/2017/07/07/winnipeg-folk-festival.html,,confirmed,"old dead, new live, texts match"
10,http://www.thingelstad.com/2017/07/08/awesome-to-see.html,https://www.thingelstad.com/2017/07/08/winnipeg-folk-festival.html,1357040,2017-07-08,awesome to see peter yarrow of peter paul and mary playing at family tent,what reward is on my ankles that makes this fly risk his life repeatedly to obta,1.00,404,https://www.thingelstad.com/2017/07/08/awesome-to-see.html,200,,https://www.thingelstad.com/2017/07/08/winnipeg-folk-festival.html,,confirmed,"old dead, new live, texts match"
10,http://www.thingelstad.com/2017/07/08/kids-made-finger.html,https://www.thingelstad.com/2017/07/08/winnipeg-folk-festival.html,1357040,2017-07-08,kids made finger puppets at the winnipeg folk festival kids tent,what reward is on my ankles that makes this fly risk his life repeatedly to obta,1.00,404,https://www.thingelstad.com/2017/07/08/kids-made-finger.html,200,,https://www.thingelstad.com/2017/07/08/winnipeg-folk-festival.html,,confirmed,"old dead, new live, texts match"
10,http://www.thingelstad.com/2017/07/08/my-mom-has.html,https://www.thingelstad.com/2017/07/08/winnipeg-folk-festival.html,1357040,2017-07-08,my mom has been embroidering on this folk fest chair for over a decade she adds ,what reward is on my ankles that makes this fly risk his life repeatedly to obta,1.00,404,https://www.thingelstad.com/2017/07/08/my-mom-has.html,200,,https://www.thingelstad.com/2017/07/08/winnipeg-folk-festival.html,,confirmed,"old dead, new live, texts match"
10,http://www.thingelstad.com/2017/07/08/parachute-at-winnipeg.html,https://www.thingelstad.com/2017/07/08/winnipeg-folk-festival.html,1357040,2017-07-08,parachute at winnipeg folk festival family area,what reward is on my ankles that makes this fly risk his life repeatedly to obta,1.00,404,https://www.thingelstad.com/2017/07/08/parachute-at-winnipeg.html,200,,https://www.thingelstad.com/2017/07/08/winnipeg-folk-festival.html,,confirmed,"old dead, new live, texts match"
10,http://www.thingelstad.com/2017/07/08/peter-yarrow-blew.html,https://www.thingelstad.com/2017/07/08/winnipeg-folk-festival.html,1357040,2017-07-08,peter yarrow blew us away playing the family tent pure folk music a high point o,what reward is on my ankles that makes this fly risk his life repeatedly to obta,1.00,404,https://www.thingelstad.com/2017/07/08/peter-yarrow-blew.html,200,,https://www.thingelstad.com/2017/07/08/winnipeg-folk-festival.html,,confirmed,"old dead, new live, texts match"
10,http://www.thingelstad.com/2017/07/08/peter-yarrow-called.html,https://www.thingelstad.com/2017/07/08/winnipeg-folk-festival.html,1357040,2017-07-08,peter yarrow called all the kids on stage to sing puff the magic dragon with him,what reward is on my ankles that makes this fly risk his life repeatedly to obta,1.00,404,https://www.thingelstad.com/2017/07/08/peter-yarrow-called.html,200,,https://www.thingelstad.com/2017/07/08/winnipeg-folk-festival.html,,confirmed,"old dead, new live, texts match"
10,http://www.thingelstad.com/2017/07/08/peter-yarrow-i.html,https://www.thingelstad.com/2017/07/08/winnipeg-folk-festival.html,1357040,2017-07-08,peter yarrow i changed the ending of puff the magic dragon you want to know why ,what reward is on my ankles that makes this fly risk his life repeatedly to obta,1.00,404,https://www.thingelstad.com/2017/07/08/peter-yarrow-i.html,200,,https://www.thingelstad.com/2017/07/08/winnipeg-folk-festival.html,,confirmed,"old dead, new live, texts match"
10,http://www.thingelstad.com/2017/07/08/peter-yarrow-leading.html,https://www.thingelstad.com/2017/07/08/winnipeg-folk-festival.html,1357040,2017-07-08,peter yarrow leading a workshop and the crowd in a rendition of blowin in the wi,what reward is on my ankles that makes this fly risk his life repeatedly to obta,1.00,404,https://www.thingelstad.com/2017/07/08/peter-yarrow-leading.html,200,,https://www.thingelstad.com/2017/07/08/winnipeg-folk-festival.html,,confirmed,"old dead, new live, texts match"
10,http://www.thingelstad.com/2017/07/08/richard-inmanhttpsrichardinmanmusicbandcampcom-on.html,https://www.thingelstad.com/2017/07/08/winnipeg-folk-festival.html,1357040,2017-07-08,richard inman on little stage in the woods winnipeg folk festival great,what reward is on my ankles that makes this fly risk his life repeatedly to obta,1.00,404,https://www.thingelstad.com/2017/07/08/richard-inmanhttpsrichardinmanmusicbandcampcom-on.html,200,,https://www.thingelstad.com/2017/07/08/winnipeg-folk-festival.html,,confirmed,"old dead, new live, texts match"
10,http://www.thingelstad.com/2017/07/08/signing-off-from.html,https://www.thingelstad.com/2017/07/08/winnipeg-folk-festival.html,1357040,2017-07-08,signing off from the 2017 winnipeg folk festival will be back,what reward is on my ankles that makes this fly risk his life repeatedly to obta,1.00,404,https://www.thingelstad.com/2017/07/08/signing-off-from.html,200,,https://www.thingelstad.com/2017/07/08/winnipeg-folk-festival.html,,confirmed,"old dead, new live, texts match"
10,http://www.thingelstad.com/2017/07/08/this-giant-sandpit.html,https://www.thingelstad.com/2017/07/08/winnipeg-folk-festival.html,1357040,2017-07-08,this giant sandpit beach area is a great idea for winnipeg folk festival kids ar,what reward is on my ankles that makes this fly risk his life repeatedly to obta,1.00,404,https://www.thingelstad.com/2017/07/08/this-giant-sandpit.html,200,,https://www.thingelstad.com/2017/07/08/winnipeg-folk-festival.html,,confirmed,"old dead, new live, texts match"
10,http://www.thingelstad.com/2017/07/08/what-reward-is.html,https://www.thingelstad.com/2017/07/08/winnipeg-folk-festival.html,1357040,2017-07-08,what reward is on my ankles that makes this fly risk his life repeatedly to obta,what reward is on my ankles that makes this fly risk his life repeatedly to obta,0.94,404,https://www.thingelstad.com/2017/07/08/what-reward-is.html,200,,https://www.thingelstad.com/2017/07/08/winnipeg-folk-festival.html,,confirmed,"old dead, new live, texts match"
13,http://www.thingelstad.com/2017/07/31/post-ride-wine.html,https://www.thingelstad.com/2017/07/31/180411.html,1377373,2017-07-31,post ride wine time,post ride wine tasting at danzinger vineyards,0.75,404,https://www.thingelstad.com/2017/07/31/post-ride-wine.html,200,,https://www.thingelstad.com/2017/07/31/180411.html,,confirmed,"old dead, but the texts differ; Jamie approved 2026-10-01 (hashtags/mentions dropped in micro.blog merge)"
13,http://www.thingelstad.com/2017/07/31/wine-tasting-at.html,https://www.thingelstad.com/2017/07/31/180411.html,1377373,2017-07-31,wine tasting at danzinger vineyards,post ride wine tasting at danzinger vineyards,1.00,404,https://www.thingelstad.com/2017/07/31/wine-tasting-at.html,200,,https://www.thingelstad.com/2017/07/31/180411.html,,confirmed,"old dead, new live, texts match"
14,http://www.thingelstad.com/2017/08/06/look-up-at.html,http://micro.thingelstad.com/2017/08/06/my-uncle-tims.html,101190,2017-08-06,look up at hops,my uncle tim s hops are doing very well posts are 16 high look up at hops,1.00,404,https://www.thingelstad.com/2017/08/06/look-up-at.html,200,https://www.thingelstad.com/2017/08/06/my-uncle-tims.html,https://www.thingelstad.com/2017/08/06/my-uncle-tims.html,,confirmed,"old dead, new live, texts match"
15,http://www.thingelstad.com/2017/08/12/coldplay-lasers.html,https://www.thingelstad.com/2017/08/12/coldplay-at-us.html,1385719,2017-08-12,coldplay lasers,found our seats and ready for coldplay to take the stage first time at us bank s,1.00,404,https://www.thingelstad.com/2017/08/12/coldplay-lasers.html,200,,https://www.thingelstad.com/2017/08/12/coldplay-at-us.html,,confirmed,"old dead, new live, texts match"
15,http://www.thingelstad.com/2017/08/12/coldplay-off-to.html,https://www.thingelstad.com/2017/08/12/coldplay-at-us.html,1385719,2017-08-12,coldplay off to awesome start,found our seats and ready for coldplay to take the stage first time at us bank s,1.00,404,https://www.thingelstad.com/2017/08/12/coldplay-off-to.html,200,,https://www.thingelstad.com/2017/08/12/coldplay-at-us.html,,confirmed,"old dead, new live, texts match"
15,http://www.thingelstad.com/2017/08/12/coldplay-playing-from.html,https://www.thingelstad.com/2017/08/12/coldplay-at-us.html,1385719,2017-08-12,coldplay playing from one of the satellite stages great show,found our seats and ready for coldplay to take the stage first time at us bank s,1.00,404,https://www.thingelstad.com/2017/08/12/coldplay-playing-from.html,200,,https://www.thingelstad.com/2017/08/12/coldplay-at-us.html,,confirmed,"old dead, new live, texts match"
15,http://www.thingelstad.com/2017/08/12/found-our-seats.html,https://www.thingelstad.com/2017/08/12/coldplay-at-us.html,1385719,2017-08-12,found our seats and ready for coldplay to take the stage first time at us bank s,found our seats and ready for coldplay to take the stage first time at us bank s,1.00,404,https://www.thingelstad.com/2017/08/12/found-our-seats.html,200,,https://www.thingelstad.com/2017/08/12/coldplay-at-us.html,,confirmed,"old dead, new live, texts match"
15,http://www.thingelstad.com/2017/08/13/after-the-show.html,https://www.thingelstad.com/2017/08/12/coldplay-at-us.html,1385719,2017-08-13,after the show so much confetti,found our seats and ready for coldplay to take the stage first time at us bank s,1.00,404,https://www.thingelstad.com/2017/08/13/after-the-show.html,200,,https://www.thingelstad.com/2017/08/12/coldplay-at-us.html,,confirmed,"old dead, new live, texts match"
16,http://www.thingelstad.com/2017/08/19/city-museumhttpswwwcitymuseumorg-is.html,http://micro.thingelstad.com/2017/08/19/super-fun-time.html,102041,2017-08-19,city museum is pretty amazing crazy shot of tree house,super fun time at city museum in st louis city museum is pretty amazing crazy sh,1.00,404,https://www.thingelstad.com/2017/08/19/city-museumhttpswwwcitymuseumorg-is.html,200,https://www.thingelstad.com/2017/08/19/super-fun-time.html,https://www.thingelstad.com/2017/08/19/super-fun-time.html,,confirmed,"old dead, new live, texts match"
16,http://www.thingelstad.com/2017/08/19/feeling-safe.html,http://micro.thingelstad.com/2017/08/19/super-fun-time.html,102041,2017-08-19,feeling safe,super fun time at city museum in st louis city museum is pretty amazing crazy sh,1.00,404,https://www.thingelstad.com/2017/08/19/feeling-safe.html,200,https://www.thingelstad.com/2017/08/19/super-fun-time.html,https://www.thingelstad.com/2017/08/19/super-fun-time.html,,confirmed,"old dead, new live, texts match"
16,http://www.thingelstad.com/2017/08/19/thats-a-big.html,http://micro.thingelstad.com/2017/08/19/super-fun-time.html,102041,2017-08-19,that s a big prop,super fun time at city museum in st louis city museum is pretty amazing crazy sh,1.00,404,https://www.thingelstad.com/2017/08/19/thats-a-big.html,200,https://www.thingelstad.com/2017/08/19/super-fun-time.html,https://www.thingelstad.com/2017/08/19/super-fun-time.html,,confirmed,"old dead, new live, texts match"
18,http://www.thingelstad.com/2017/09/04/great-day-for.html,https://www.thingelstad.com/2017/09/04/115802.html,1175125,2017-09-04,great day for the minnesota renaissance festival,great day for the minnesota renaissance festival kids and i got our henna tattoo,1.00,404,https://www.thingelstad.com/2017/09/04/great-day-for.html,200,,https://www.thingelstad.com/2017/09/04/115802.html,,confirmed,"old dead, new live, texts match"
18,http://www.thingelstad.com/2017/09/04/had-the-henna.html,https://www.thingelstad.com/2017/09/04/115802.html,1175125,2017-09-04,had the henna artist play freehand with embellishing my permanent tribal tattoo,great day for the minnesota renaissance festival kids and i got our henna tattoo,1.00,404,https://www.thingelstad.com/2017/09/04/had-the-henna.html,200,,https://www.thingelstad.com/2017/09/04/115802.html,,confirmed,"old dead, new live, texts match"
18,http://www.thingelstad.com/2017/09/04/kids-and-i.html,https://www.thingelstad.com/2017/09/04/115802.html,1175125,2017-09-04,kids and i got our henna tattoos,great day for the minnesota renaissance festival kids and i got our henna tattoo,1.00,404,https://www.thingelstad.com/2017/09/04/kids-and-i.html,200,,https://www.thingelstad.com/2017/09/04/115802.html,,confirmed,"old dead, new live, texts match"
18,http://www.thingelstad.com/2017/09/08/beck-opening-up.html,https://www.thingelstad.com/2017/09/08/u-at-us.html,1176715,2017-09-08,beck opening up show tonight,beck opening up show tonight big crowd for beck wonder how many friends are at u,1.00,404,https://www.thingelstad.com/2017/09/08/beck-opening-up.html,200,,https://www.thingelstad.com/2017/09/08/u-at-us.html,,confirmed,"old dead, new live, texts match"
18,http://www.thingelstad.com/2017/09/08/big-crowd-for.html,https://www.thingelstad.com/2017/09/08/u-at-us.html,1176715,2017-09-08,big crowd for beck,beck opening up show tonight big crowd for beck wonder how many friends are at u,1.00,404,https://www.thingelstad.com/2017/09/08/big-crowd-for.html,200,,https://www.thingelstad.com/2017/09/08/u-at-us.html,,confirmed,"old dead, new live, texts match"
18,http://www.thingelstad.com/2017/09/08/cant-figure-out.html,https://www.thingelstad.com/2017/09/08/u-at-us.html,1176715,2017-09-08,can t figure out what these boxes are at us bank stadium lots of them wifi cell,beck opening up show tonight big crowd for beck wonder how many friends are at u,1.00,404,https://www.thingelstad.com/2017/09/08/cant-figure-out.html,200,,https://www.thingelstad.com/2017/09/08/u-at-us.html,,confirmed,"old dead, new live, texts match"
18,http://www.thingelstad.com/2017/09/08/u-elevation.html,https://www.thingelstad.com/2017/09/08/u-at-us.html,1176715,2017-09-08,u2 elevation,beck opening up show tonight big crowd for beck wonder how many friends are at u,1.00,404,https://www.thingelstad.com/2017/09/08/u-elevation.html,200,,https://www.thingelstad.com/2017/09/08/u-at-us.html,,confirmed,"old dead, new live, texts match"
18,http://www.thingelstad.com/2017/09/08/u-joshua-tree.html,https://www.thingelstad.com/2017/09/08/u-at-us.html,1176715,2017-09-08,u2 joshua tree bono,beck opening up show tonight big crowd for beck wonder how many friends are at u,1.00,404,https://www.thingelstad.com/2017/09/08/u-joshua-tree.html,200,,https://www.thingelstad.com/2017/09/08/u-at-us.html,,confirmed,"old dead, new live, texts match"
18,http://www.thingelstad.com/2017/09/08/u-one.html,https://www.thingelstad.com/2017/09/08/u-at-us.html,1176715,2017-09-08,u2 one,beck opening up show tonight big crowd for beck wonder how many friends are at u,1.00,404,https://www.thingelstad.com/2017/09/08/u-one.html,200,,https://www.thingelstad.com/2017/09/08/u-at-us.html,,confirmed,"old dead, new live, texts match"
18,http://www.thingelstad.com/2017/09/08/u-takes-the.html,https://www.thingelstad.com/2017/09/08/u-at-us.html,1176715,2017-09-08,u2 takes the stage joshua tree tour,beck opening up show tonight big crowd for beck wonder how many friends are at u,1.00,404,https://www.thingelstad.com/2017/09/08/u-takes-the.html,200,,https://www.thingelstad.com/2017/09/08/u-at-us.html,,confirmed,"old dead, new live, texts match"
18,http://www.thingelstad.com/2017/09/08/wonder-how-many.html,https://www.thingelstad.com/2017/09/08/u-at-us.html,1176715,2017-09-08,wonder how many friends are at u2 show tonight i m guessing a lot,beck opening up show tonight big crowd for beck wonder how many friends are at u,1.00,404,https://www.thingelstad.com/2017/09/08/wonder-how-many.html,200,,https://www.thingelstad.com/2017/09/08/u-at-us.html,,confirmed,"old dead, new live, texts match"
18,http://www.thingelstad.com/2017/09/08/wow-u-joshua.html,https://www.thingelstad.com/2017/09/08/u-at-us.html,1176715,2017-09-08,wow u2 joshua tree amazing,beck opening up show tonight big crowd for beck wonder how many friends are at u,1.00,404,https://www.thingelstad.com/2017/09/08/wow-u-joshua.html,200,,https://www.thingelstad.com/2017/09/08/u-at-us.html,,confirmed,"old dead, new live, texts match"
19,http://www.thingelstad.com/2017/09/09/bbby-mnufc.html,https://www.thingelstad.com/2017/09/09/190733.html,1177209,2017-09-09,b bby mnufc,time for mn united game getting ready for kickoff go mnufc sold out crowd for mn,1.00,404,https://www.thingelstad.com/2017/09/09/bbby-mnufc.html,200,,https://www.thingelstad.com/2017/09/09/190733.html,,confirmed,"old dead, new live, texts match"
19,http://www.thingelstad.com/2017/09/09/getting-ready-for.html,https://www.thingelstad.com/2017/09/09/190733.html,1177209,2017-09-09,getting ready for kickoff go mnufc,time for mn united game getting ready for kickoff go mnufc sold out crowd for mn,1.00,404,https://www.thingelstad.com/2017/09/09/getting-ready-for.html,200,,https://www.thingelstad.com/2017/09/09/190733.html,,confirmed,"old dead, new live, texts match"
19,http://www.thingelstad.com/2017/09/09/mls-video-review.html,https://www.thingelstad.com/2017/09/09/190733.html,1177209,2017-09-09,mls video review new,time for mn united game getting ready for kickoff go mnufc sold out crowd for mn,1.00,404,https://www.thingelstad.com/2017/09/09/mls-video-review.html,200,,https://www.thingelstad.com/2017/09/09/190733.html,,confirmed,"old dead, new live, texts match"
19,http://www.thingelstad.com/2017/09/09/penalty-kick-no.html,https://www.thingelstad.com/2017/09/09/190733.html,1177209,2017-09-09,penalty kick no go mnufc,time for mn united game getting ready for kickoff go mnufc sold out crowd for mn,1.00,404,https://www.thingelstad.com/2017/09/09/penalty-kick-no.html,200,,https://www.thingelstad.com/2017/09/09/190733.html,,confirmed,"old dead, new live, texts match"
19,http://www.thingelstad.com/2017/09/09/sold-out-crowd.html,https://www.thingelstad.com/2017/09/09/190733.html,1177209,2017-09-09,sold out crowd for mn united tonight that is awesome,time for mn united game getting ready for kickoff go mnufc sold out crowd for mn,1.00,404,https://www.thingelstad.com/2017/09/09/sold-out-crowd.html,200,,https://www.thingelstad.com/2017/09/09/190733.html,,confirmed,"old dead, new live, texts match"
19,http://www.thingelstad.com/2017/09/09/time-for-mn.html,https://www.thingelstad.com/2017/09/09/190733.html,1177209,2017-09-09,time for mn united game,time for mn united game getting ready for kickoff go mnufc sold out crowd for mn,1.00,404,https://www.thingelstad.com/2017/09/09/time-for-mn.html,200,,https://www.thingelstad.com/2017/09/09/190733.html,,confirmed,"old dead, new live, texts match"
20,http://www.thingelstad.com/2017/09/16/clouds-and-water.html,https://www.thingelstad.com/2017/09/16/163546.html,1180895,2017-09-16,clouds and water,clouds and water,1.00,404,https://www.thingelstad.com/2017/09/16/clouds-and-water.html,200,,https://www.thingelstad.com/2017/09/16/163546.html,,confirmed,"old dead, new live, texts match"
20,http://www.thingelstad.com/2017/09/16/fall-sailing.html,https://www.thingelstad.com/2017/09/16/161257.html,1180894,2017-09-16,fall sailing,sailboat on cannon lake not a typical sight fall sailing,1.00,404,https://www.thingelstad.com/2017/09/16/fall-sailing.html,200,,https://www.thingelstad.com/2017/09/16/161257.html,,confirmed,"old dead, new live, texts match"
20,http://www.thingelstad.com/2017/09/16/its-amazing-how.html,https://www.thingelstad.com/2017/09/16/222044.html,1180880,2017-09-16,it s amazing how fast name server changes are propogated today floors me to thin,just switched my name servers for thingelstad com to netlify triple checked dns ,0.96,404,https://www.thingelstad.com/2017/09/16/its-amazing-how.html,200,,https://www.thingelstad.com/2017/09/16/222044.html,,confirmed,"old dead, new live, texts match"
20,http://www.thingelstad.com/2017/09/16/just-switched-my.html,https://www.thingelstad.com/2017/09/16/222044.html,1180880,2017-09-16,just switched my nameservers for thingelstad com to netlify triple checked dns v,just switched my name servers for thingelstad com to netlify triple checked dns ,0.96,404,https://www.thingelstad.com/2017/09/16/just-switched-my.html,200,,https://www.thingelstad.com/2017/09/16/222044.html,,confirmed,"old dead, new live, texts match"
20,http://www.thingelstad.com/2017/09/16/sailboat-on-cannon.html,https://www.thingelstad.com/2017/09/16/161257.html,1180894,2017-09-16,sailboat on cannon lake not a typical sight,sailboat on cannon lake not a typical sight fall sailing,1.00,404,https://www.thingelstad.com/2017/09/16/sailboat-on-cannon.html,200,,https://www.thingelstad.com/2017/09/16/161257.html,,confirmed,"old dead, new live, texts match"
20,http://www.thingelstad.com/2017/09/22/rachel-rieshttprachelriescom-did.html,http://micro.thingelstad.com/2017/09/22/wow-words-music.html,135393,2017-09-22,rachel ries did a very nice opening set for dan wilson at the fitzgerald,words music by dan wilson at the fitzgerald tonight was magical so good rachel r,0.93,404,https://www.thingelstad.com/2017/09/22/rachel-rieshttprachelriescom-did.html,200,https://www.thingelstad.com/2017/09/22/wow-words-music.html,https://www.thingelstad.com/2017/09/22/wow-words-music.html,,confirmed,"old dead, new live, texts match"
23,http://www.thingelstad.com/2017/10/07/after-being-late.html,https://www.thingelstad.com/2017/10/07/193329.html,1199997,2017-10-07,after being late to mn united game u of mn parking screwed up and my reserved pa,forgot about i 35w being closed and missed first 20 mins of mn united game after,1.00,404,https://www.thingelstad.com/2017/10/07/after-being-late.html,200,,https://www.thingelstad.com/2017/10/07/193329.html,,confirmed,"old dead, new live, texts match"
23,http://www.thingelstad.com/2017/10/07/despite-the-refs.html,https://www.thingelstad.com/2017/10/07/211407.html,1199996,2017-10-07,despite the refs best attempts mn ufc pulled out a 1 1 tie,mazie and i closing out the mn united home season mnufc mnufc mnufc mnufc corner,0.92,404,https://www.thingelstad.com/2017/10/07/despite-the-refs.html,200,,https://www.thingelstad.com/2017/10/07/211407.html,,confirmed,"old dead, new live, texts match"
23,http://www.thingelstad.com/2017/10/07/forgot-about-iw.html,https://www.thingelstad.com/2017/10/07/193329.html,1199997,2017-10-07,forgot about i 35w being closed and missed first 20 mins of mn united game,forgot about i 35w being closed and missed first 20 mins of mn united game after,1.00,404,https://www.thingelstad.com/2017/10/07/forgot-about-iw.html,200,,https://www.thingelstad.com/2017/10/07/193329.html,,confirmed,"old dead, new live, texts match"
23,http://www.thingelstad.com/2017/10/07/goal-mn-ufc.html,https://www.thingelstad.com/2017/10/07/211407.html,1199996,2017-10-07,goal mn ufc 1 1,mazie and i closing out the mn united home season mnufc mnufc mnufc mnufc corner,0.75,404,https://www.thingelstad.com/2017/10/07/goal-mn-ufc.html,200,,https://www.thingelstad.com/2017/10/07/211407.html,,confirmed,"old dead, but the texts differ; Jamie approved 2026-10-01 (hashtags/mentions dropped in micro.blog merge)"
23,http://www.thingelstad.com/2017/10/07/huge-applause-for.html,https://www.thingelstad.com/2017/10/07/211407.html,1199996,2017-10-07,huge applause for the 4 time wnba champion minnesota lynx at mn united halftime,mazie and i closing out the mn united home season mnufc mnufc mnufc mnufc corner,1.00,404,https://www.thingelstad.com/2017/10/07/huge-applause-for.html,200,,https://www.thingelstad.com/2017/10/07/211407.html,,confirmed,"old dead, new live, texts match"
23,http://www.thingelstad.com/2017/10/07/mazie-and-i.html,https://www.thingelstad.com/2017/10/07/211407.html,1199996,2017-10-07,mazie and i closing out the mn united home season,mazie and i closing out the mn united home season mnufc mnufc mnufc mnufc corner,1.00,404,https://www.thingelstad.com/2017/10/07/mazie-and-i.html,200,,https://www.thingelstad.com/2017/10/07/211407.html,,confirmed,"old dead, new live, texts match"
23,http://www.thingelstad.com/2017/10/07/mn-ufc-corner.html,https://www.thingelstad.com/2017/10/07/211407.html,1199996,2017-10-07,mn ufc corner kick scarves flying,mazie and i closing out the mn united home season mnufc mnufc mnufc mnufc corner,0.83,404,https://www.thingelstad.com/2017/10/07/mn-ufc-corner.html,200,,https://www.thingelstad.com/2017/10/07/211407.html,,confirmed,"old dead, but the texts differ; Jamie approved 2026-10-01 (hashtags/mentions dropped in micro.blog merge)"
23,http://www.thingelstad.com/2017/10/07/see-you-on.html,https://www.thingelstad.com/2017/10/07/211407.html,1199996,2017-10-07,see you on the pitch next year,mazie and i closing out the mn united home season mnufc mnufc mnufc mnufc corner,1.00,404,https://www.thingelstad.com/2017/10/07/see-you-on.html,200,,https://www.thingelstad.com/2017/10/07/211407.html,,confirmed,"old dead, new live, texts match"
23,http://www.thingelstad.com/2017/10/07/sold-out-game.html,https://www.thingelstad.com/2017/10/07/211407.html,1199996,2017-10-07,sold out game for mn united tonight north rising,mazie and i closing out the mn united home season mnufc mnufc mnufc mnufc corner,1.00,404,https://www.thingelstad.com/2017/10/07/sold-out-game.html,200,,https://www.thingelstad.com/2017/10/07/211407.html,,confirmed,"old dead, new live, texts match"
23,http://www.thingelstad.com/2017/10/07/thank-you-for.html,https://www.thingelstad.com/2017/10/07/211407.html,1199996,2017-10-07,thank you for a great inaugural mls season mn united we ll be back next year,mazie and i closing out the mn united home season mnufc mnufc mnufc mnufc corner,1.00,404,https://www.thingelstad.com/2017/10/07/thank-you-for.html,200,,https://www.thingelstad.com/2017/10/07/211407.html,,confirmed,"old dead, new live, texts match"
23,http://www.thingelstad.com/2017/10/07/yellow-team-you.html,https://www.thingelstad.com/2017/10/07/211407.html,1199996,2017-10-07,yellow team you need some help,mazie and i closing out the mn united home season mnufc mnufc mnufc mnufc corner,1.00,404,https://www.thingelstad.com/2017/10/07/yellow-team-you.html,200,,https://www.thingelstad.com/2017/10/07/211407.html,,confirmed,"old dead, new live, texts match"
24,http://www.thingelstad.com/2017/10/18/great-talk-by.html,http://micro.thingelstad.com/2017/10/18/excited-to-hear.html,160158,2017-10-18,great talk by teamsps dana engebretson bigdana on approaches she took to solving,great dev ops meetup talk by teamsps dana engebretson on approaches she took to ,0.89,404,https://www.thingelstad.com/2017/10/18/great-talk-by.html,200,https://www.thingelstad.com/2017/10/18/excited-to-hear.html,https://www.thingelstad.com/2017/10/18/excited-to-hear.html,,confirmed,"old dead, but the texts differ; Jamie approved 2026-10-01 (hashtags/mentions dropped in micro.blog merge)"
24,http://www.thingelstad.com/2017/10/20/kubb-king.html,https://www.thingelstad.com/2017/10/20/morning-kubb-kubb.html,1206590,2017-10-20,kubb king,morning kubb kubb king,1.00,404,https://www.thingelstad.com/2017/10/20/kubb-king.html,200,,https://www.thingelstad.com/2017/10/20/morning-kubb-kubb.html,,confirmed,"old dead, new live, texts match"
24,http://www.thingelstad.com/2017/10/20/morning-kubb.html,https://www.thingelstad.com/2017/10/20/morning-kubb-kubb.html,1206590,2017-10-20,morning kubb,morning kubb kubb king,1.00,404,https://www.thingelstad.com/2017/10/20/morning-kubb.html,200,,https://www.thingelstad.com/2017/10/20/morning-kubb-kubb.html,,confirmed,"old dead, new live, texts match"
26,http://www.thingelstad.com/2017/11/01/got-my-very.html,https://www.thingelstad.com/2017/11/01/got-my-very-first-communication.html,161403,2017-11-01,got my very first communication ever regarding my tesla model 3 reservation,got my very first communication ever regarding my tesla model 3 reservation,1.00,404,https://www.thingelstad.com/2017/11/01/got-my-very.html,200,,https://www.thingelstad.com/2017/11/01/got-my-very-first-communication.html,,confirmed,"old dead, new live, texts match"
27,http://www.thingelstad.com/2017/11/04/got-workflowhttpsworkflowis-working.html,https://www.thingelstad.com/2017/11/04/got-workflow-working.html,1214434,2017-11-04,got workflow working with the mailchimp api weekly thing automation leveling up,got workflow working with the mailchimp api weekly thing automation leveling up ,1.00,404,https://www.thingelstad.com/2017/11/04/got-workflowhttpsworkflowis-working.html,200,,https://www.thingelstad.com/2017/11/04/got-workflow-working.html,,confirmed,"old dead, new live, texts match"
27,http://www.thingelstad.com/2017/11/04/my-biggest-ask.html,https://www.thingelstad.com/2017/11/04/got-workflow-working.html,1214434,2017-11-04,my biggest ask for workflow is to put groups of workflows in folders,got workflow working with the mailchimp api weekly thing automation leveling up ,1.00,404,https://www.thingelstad.com/2017/11/04/my-biggest-ask.html,200,,https://www.thingelstad.com/2017/11/04/got-workflow-working.html,,confirmed,"old dead, new live, texts match"
27,http://www.thingelstad.com/2017/11/10/211523.html,https://www.thingelstad.com/2017/11/10/chaos-community-day.html,1217856,2017-11-10,casey rosenthal sharing a lightning talk at chaos community day,david hussman and leah cunningham kicking off chaos community day have already c,1.00,404,https://www.thingelstad.com/2017/11/10/211523.html,200,,https://www.thingelstad.com/2017/11/10/chaos-community-day.html,,confirmed,"old dead, new live, texts match"
27,http://www.thingelstad.com/2017/11/10/david-hussman-and.html,https://www.thingelstad.com/2017/11/10/chaos-community-day.html,1217856,2017-11-10,david hussman and leah cunningham kicking off chaos community day have already c,david hussman and leah cunningham kicking off chaos community day have already c,1.00,404,https://www.thingelstad.com/2017/11/10/david-hussman-and.html,200,,https://www.thingelstad.com/2017/11/10/chaos-community-day.html,,confirmed,"old dead, new live, texts match"
27,http://www.thingelstad.com/2017/11/10/fabulous-agenda-for.html,https://www.thingelstad.com/2017/11/10/chaos-community-day.html,1217856,2017-11-10,fabulous agenda for chaos community day,david hussman and leah cunningham kicking off chaos community day have already c,1.00,404,https://www.thingelstad.com/2017/11/10/fabulous-agenda-for.html,200,,https://www.thingelstad.com/2017/11/10/chaos-community-day.html,,confirmed,"old dead, new live, texts match"
27,http://www.thingelstad.com/2017/11/10/is-chaos-engineering.html,https://www.thingelstad.com/2017/11/10/chaos-community-day.html,1217856,2017-11-10,is chaos engineering related to devops the same way extreme programming is to ag,david hussman and leah cunningham kicking off chaos community day have already c,1.00,404,https://www.thingelstad.com/2017/11/10/is-chaos-engineering.html,200,,https://www.thingelstad.com/2017/11/10/chaos-community-day.html,,confirmed,"old dead, new live, texts match"
27,http://www.thingelstad.com/2017/11/10/next-up-andy.html,https://www.thingelstad.com/2017/11/10/chaos-community-day.html,1217856,2017-11-10,next up andy fleener from local tech sports engine on chaos engineering,david hussman and leah cunningham kicking off chaos community day have already c,1.00,404,https://www.thingelstad.com/2017/11/10/next-up-andy.html,200,,https://www.thingelstad.com/2017/11/10/chaos-community-day.html,,confirmed,"old dead, new live, texts match"
27,http://www.thingelstad.com/2017/11/10/so-we-picked.html,https://www.thingelstad.com/2017/11/10/chaos-community-day.html,1217856,2017-11-10,so we picked c and then we realized we didn t want to write anything in c callme,david hussman and leah cunningham kicking off chaos community day have already c,1.00,404,https://www.thingelstad.com/2017/11/10/so-we-picked.html,200,,https://www.thingelstad.com/2017/11/10/chaos-community-day.html,,confirmed,"old dead, new live, texts match"
27,http://www.thingelstad.com/2017/11/10/the-kent-beckhttpsenwikipediaorgwikikentbeck.html,https://www.thingelstad.com/2017/11/10/chaos-community-day.html,1217856,2017-11-10,the kent beck sharing a lightning talk at chaos community day,david hussman and leah cunningham kicking off chaos community day have already c,1.00,404,https://www.thingelstad.com/2017/11/10/the-kent-beckhttpsenwikipediaorgwikikentbeck.html,200,,https://www.thingelstad.com/2017/11/10/chaos-community-day.html,,confirmed,"old dead, new live, texts match"
27,http://www.thingelstad.com/2017/11/10/there-should-be.html,https://www.thingelstad.com/2017/11/10/chaos-community-day.html,1217856,2017-11-10,there should be a way to declare a namespace for references something like twitt,david hussman and leah cunningham kicking off chaos community day have already c,0.91,404,https://www.thingelstad.com/2017/11/10/there-should-be.html,200,,https://www.thingelstad.com/2017/11/10/chaos-community-day.html,,confirmed,"old dead, new live, texts match"
27,http://www.thingelstad.com/2017/11/10/when-will-chaos.html,https://www.thingelstad.com/2017/11/10/chaos-community-day.html,1217856,2017-11-10,when will chaos engineering have been successful when we are comfortable dancing,david hussman and leah cunningham kicking off chaos community day have already c,1.00,404,https://www.thingelstad.com/2017/11/10/when-will-chaos.html,200,,https://www.thingelstad.com/2017/11/10/chaos-community-day.html,,confirmed,"old dead, new live, texts match"
28,http://www.thingelstad.com/2017/11/11/after-putting-more.html,https://www.thingelstad.com/2017/11/11/145246.html,1218095,2017-11-11,after putting more complicated theme in hugo takes 5 2 sec for 9 970 pages still,hugo just generated 8 173 pages in 2 4 seconds jekyll takes around 500 seconds t,1.00,404,https://www.thingelstad.com/2017/11/11/after-putting-more.html,200,,https://www.thingelstad.com/2017/11/11/145246.html,,confirmed,"old dead, new live, texts match"
28,http://www.thingelstad.com/2017/11/11/hugo-just-generated.html,https://www.thingelstad.com/2017/11/11/145246.html,1218095,2017-11-11,hugo just generated 8 173 pages in 2 4 seconds jekyll takes around 500 seconds t,hugo just generated 8 173 pages in 2 4 seconds jekyll takes around 500 seconds t,1.00,404,https://www.thingelstad.com/2017/11/11/hugo-just-generated.html,200,,https://www.thingelstad.com/2017/11/11/145246.html,,confirmed,"old dead, new live, texts match"
28,http://www.thingelstad.com/2017/11/11/hugohttpsgohugoio-seems-like.html,https://www.thingelstad.com/2017/11/11/145246.html,1218095,2017-11-11,hugo seems like it would be superior for my website needs in every way may need ,hugo just generated 8 173 pages in 2 4 seconds jekyll takes around 500 seconds t,1.00,404,https://www.thingelstad.com/2017/11/11/hugohttpsgohugoio-seems-like.html,200,,https://www.thingelstad.com/2017/11/11/145246.html,,confirmed,"old dead, new live, texts match"
28,http://www.thingelstad.com/2017/11/16/fun-and-cold.html,https://www.thingelstad.com/2017/11/16/teamsps-brew-off.html,1220823,2017-11-16,fun and cold teamsps brew off today tailgate style,fun and cold teamsps brew off today tailgate style hanging with pat backen at te,1.00,404,https://www.thingelstad.com/2017/11/16/fun-and-cold.html,200,,https://www.thingelstad.com/2017/11/16/teamsps-brew-off.html,,confirmed,"old dead, new live, texts match"
28,http://www.thingelstad.com/2017/11/16/hanging-with-pbackenhttpsmicroblogpbacken.html,https://www.thingelstad.com/2017/11/16/teamsps-brew-off.html,1220823,2017-11-16,hanging with pbacken at teamsps hop to it brew off,fun and cold teamsps brew off today tailgate style hanging with pat backen at te,0.90,404,https://www.thingelstad.com/2017/11/16/hanging-with-pbackenhttpsmicroblogpbacken.html,200,,https://www.thingelstad.com/2017/11/16/teamsps-brew-off.html,,confirmed,"old dead, new live, texts match"
29,http://www.thingelstad.com/2017/11/24/google-and-amazon.html,https://www.thingelstad.com/2017/11/24/161831.html,1224587,2017-11-24,google and amazon are not on the com edition monopoly board,playing the com edition of monopoly of course hilarious tiles game starts with 1,1.00,404,https://www.thingelstad.com/2017/11/24/google-and-amazon.html,200,,https://www.thingelstad.com/2017/11/24/161831.html,,confirmed,"old dead, new live, texts match"
29,http://www.thingelstad.com/2017/11/24/i-had-to.html,https://www.thingelstad.com/2017/11/24/161831.html,1224587,2017-11-24,i had to buy sun microsystems in com monopoly,playing the com edition of monopoly of course hilarious tiles game starts with 1,1.00,404,https://www.thingelstad.com/2017/11/24/i-had-to.html,200,,https://www.thingelstad.com/2017/11/24/161831.html,,confirmed,"old dead, new live, texts match"
29,http://www.thingelstad.com/2017/11/24/k-modem-for.html,https://www.thingelstad.com/2017/11/24/161831.html,1224587,2017-11-24,56k modem for the win net monopoly,playing the com edition of monopoly of course hilarious tiles game starts with 1,0.86,404,https://www.thingelstad.com/2017/11/24/k-modem-for.html,200,,https://www.thingelstad.com/2017/11/24/161831.html,,confirmed,"old dead, but the texts differ; Jamie approved 2026-10-01 (hashtags/mentions dropped in micro.blog merge)"
29,http://www.thingelstad.com/2017/11/24/playing-the-com.html,https://www.thingelstad.com/2017/11/24/161831.html,1224587,2017-11-24,playing the com edition of monopoly of course hilarious tiles game starts with 1,playing the com edition of monopoly of course hilarious tiles game starts with 1,1.00,404,https://www.thingelstad.com/2017/11/24/playing-the-com.html,200,,https://www.thingelstad.com/2017/11/24/161831.html,,confirmed,"old dead, new live, texts match"
30,http://www.thingelstad.com/2017/11/28/happy-to-support.html,https://www.thingelstad.com/2017/11/28/104939.html,1226375,2017-11-28,happy to support let s encrypt on it s mission to provide free ssl for anyone do,join me in supporting the electronic frontier foundation in their 2017 fundraisi,1.00,404,https://www.thingelstad.com/2017/11/28/happy-to-support.html,200,,https://www.thingelstad.com/2017/11/28/104939.html,,confirmed,"old dead, new live, texts match"
30,http://www.thingelstad.com/2017/11/28/i-creativecommons-im.html,https://www.thingelstad.com/2017/11/28/104939.html,1226375,2017-11-28,i creativecommons i m a proud donor of cc join me in building a vibrant global c,join me in supporting the electronic frontier foundation in their 2017 fundraisi,0.94,404,https://www.thingelstad.com/2017/11/28/i-creativecommons-im.html,200,,https://www.thingelstad.com/2017/11/28/104939.html,,confirmed,"old dead, new live, texts match"
30,http://www.thingelstad.com/2017/11/28/i-just-donated.html,https://www.thingelstad.com/2017/11/28/104939.html,1226375,2017-11-28,i just donated to internetarchive support free access to knowledge donate,join me in supporting the electronic frontier foundation in their 2017 fundraisi,0.90,404,https://www.thingelstad.com/2017/11/28/i-just-donated.html,200,,https://www.thingelstad.com/2017/11/28/104939.html,,confirmed,"old dead, new live, texts match"
30,http://www.thingelstad.com/2017/11/28/join-me-in.html,https://www.thingelstad.com/2017/11/28/104939.html,1226375,2017-11-28,join me in supporting the electronic frontier foundation in their 2017 fundraisi,join me in supporting the electronic frontier foundation in their 2017 fundraisi,1.00,404,https://www.thingelstad.com/2017/11/28/join-me-in.html,200,,https://www.thingelstad.com/2017/11/28/104939.html,,confirmed,"old dead, new live, texts match"
30,http://www.thingelstad.com/2017/11/29/165835.html,https://www.thingelstad.com/2017/11/29/aws-reinvent-keynote.html,1226855,2017-11-29,aws neptune has some promise to make graph databases more reliable and usable fo,aws ecs for kubernetes announcement makes total sense expected and good to see t,1.00,404,https://www.thingelstad.com/2017/11/29/165835.html,200,,https://www.thingelstad.com/2017/11/29/aws-reinvent-keynote.html,,confirmed,"old dead, new live, texts match"
30,http://www.thingelstad.com/2017/11/29/172231.html,https://www.thingelstad.com/2017/11/29/aws-reinvent-keynote.html,1226855,2017-11-29,aws s3 select sounds very cool,aws ecs for kubernetes announcement makes total sense expected and good to see t,1.00,404,https://www.thingelstad.com/2017/11/29/172231.html,200,,https://www.thingelstad.com/2017/11/29/aws-reinvent-keynote.html,,confirmed,"old dead, new live, texts match"
30,http://www.thingelstad.com/2017/11/29/173529.html,https://www.thingelstad.com/2017/11/29/aws-reinvent-keynote.html,1226855,2017-11-29,aws sagemaker has promise to bring machine learning to complex problems faster a,aws ecs for kubernetes announcement makes total sense expected and good to see t,1.00,404,https://www.thingelstad.com/2017/11/29/173529.html,200,,https://www.thingelstad.com/2017/11/29/aws-reinvent-keynote.html,,confirmed,"old dead, new live, texts match"
30,http://www.thingelstad.com/2017/11/29/174633.html,https://www.thingelstad.com/2017/11/29/aws-reinvent-keynote.html,1226855,2017-11-29,aws deeplens looks like a solution looking for a problem cool tech don t need it,aws ecs for kubernetes announcement makes total sense expected and good to see t,1.00,404,https://www.thingelstad.com/2017/11/29/174633.html,200,,https://www.thingelstad.com/2017/11/29/aws-reinvent-keynote.html,,confirmed,"old dead, new live, texts match"
30,http://www.thingelstad.com/2017/11/29/180357.html,https://www.thingelstad.com/2017/11/29/aws-reinvent-keynote.html,1226855,2017-11-29,new aws transcribe should enable some nice speech to text features in various ap,aws ecs for kubernetes announcement makes total sense expected and good to see t,1.00,404,https://www.thingelstad.com/2017/11/29/180357.html,200,,https://www.thingelstad.com/2017/11/29/aws-reinvent-keynote.html,,confirmed,"old dead, new live, texts match"
30,http://www.thingelstad.com/2017/11/29/aws-ecs-for.html,https://www.thingelstad.com/2017/11/29/aws-reinvent-keynote.html,1226855,2017-11-29,aws ecs for kubernetes announcement makes total sense expected and good to see t,aws ecs for kubernetes announcement makes total sense expected and good to see t,1.00,404,https://www.thingelstad.com/2017/11/29/aws-ecs-for.html,200,,https://www.thingelstad.com/2017/11/29/aws-reinvent-keynote.html,,confirmed,"old dead, new live, texts match"
30,http://www.thingelstad.com/2017/11/29/h-m-aws.html,https://www.thingelstad.com/2017/11/29/aws-reinvent-keynote.html,1226855,2017-11-29,2h 46m aws keynote too long,aws ecs for kubernetes announcement makes total sense expected and good to see t,1.00,404,https://www.thingelstad.com/2017/11/29/h-m-aws.html,200,,https://www.thingelstad.com/2017/11/29/aws-reinvent-keynote.html,,confirmed,"old dead, new live, texts match"
30,http://www.thingelstad.com/2017/11/29/multimaster-multiregion-aurora.html,https://www.thingelstad.com/2017/11/29/aws-reinvent-keynote.html,1226855,2017-11-29,multi master multi region aurora sounds great,aws ecs for kubernetes announcement makes total sense expected and good to see t,1.00,404,https://www.thingelstad.com/2017/11/29/multimaster-multiregion-aurora.html,200,,https://www.thingelstad.com/2017/11/29/aws-reinvent-keynote.html,,confirmed,"old dead, new live, texts match"
30,http://www.thingelstad.com/2017/11/29/the-house-band.html,https://www.thingelstad.com/2017/11/29/aws-reinvent-keynote.html,1226855,2017-11-29,the house band idea during the aws re invent keynote seems really odd skip,aws ecs for kubernetes announcement makes total sense expected and good to see t,1.00,404,https://www.thingelstad.com/2017/11/29/the-house-band.html,200,,https://www.thingelstad.com/2017/11/29/aws-reinvent-keynote.html,,confirmed,"old dead, new live, texts match"
30,http://www.thingelstad.com/2017/11/29/the-new-aws.html,https://www.thingelstad.com/2017/11/29/aws-reinvent-keynote.html,1226855,2017-11-29,the new aws ec2 bare metal instance seems like an rfp checkbox requirement or ve,aws ecs for kubernetes announcement makes total sense expected and good to see t,1.00,404,https://www.thingelstad.com/2017/11/29/the-new-aws.html,200,,https://www.thingelstad.com/2017/11/29/aws-reinvent-keynote.html,,confirmed,"old dead, new live, texts match"
30,http://www.thingelstad.com/2017/11/30/174115.html,https://www.thingelstad.com/2017/11/30/114115.html,1227158,2017-11-30,aws cloud 9 ide is a pretty interesting announcement pushes aws into some of the,watching the aws re invent day 2 keynote and i keep noting that the they spend a,1.00,404,https://www.thingelstad.com/2017/11/30/174115.html,200,,https://www.thingelstad.com/2017/11/30/114115.html,,confirmed,"old dead, new live, texts match"
30,http://www.thingelstad.com/2017/11/30/watching-the-aws.html,https://www.thingelstad.com/2017/11/30/114115.html,1227158,2017-11-30,watching the aws re invent day 2 keynote and i keep noting that the they spend a,watching the aws re invent day 2 keynote and i keep noting that the they spend a,1.00,404,https://www.thingelstad.com/2017/11/30/watching-the-aws.html,200,,https://www.thingelstad.com/2017/11/30/114115.html,,confirmed,"old dead, new live, texts match"
30,http://www.thingelstad.com/2017/12/01/th-annual-lutefisk.html,https://www.thingelstad.com/2017/12/01/170615.html,1227656,2017-12-01,88th annual lutefisk dinner at mt olivet church wow,there is perhaps nothing more midwest than a lutefisk dinner in a church basemen,0.89,404,https://www.thingelstad.com/2017/12/01/th-annual-lutefisk.html,200,,https://www.thingelstad.com/2017/12/01/170615.html,,confirmed,"old dead, but the texts differ; Jamie approved 2026-10-01 (hashtags/mentions dropped in micro.blog merge)"
30,http://www.thingelstad.com/2017/12/01/there-is-perhaps.html,https://www.thingelstad.com/2017/12/01/170615.html,1227656,2017-12-01,there is perhaps nothing more midwest than a lutefisk dinner in a church basemen,there is perhaps nothing more midwest than a lutefisk dinner in a church basemen,1.00,404,https://www.thingelstad.com/2017/12/01/there-is-perhaps.html,200,,https://www.thingelstad.com/2017/12/01/170615.html,,confirmed,"old dead, new live, texts match"
33,https://www.thingelstad.com/2017/12/16/afternoon-fatherson-excursion.html,https://www.thingelstad.com/2017/12/16/113506.html,1233391,2017-12-16,afternoon father son excursion on the northstar train to big lake and back,afternoon father son excursion on the northstar train to big lake and back snowy,1.00,404,,200,,https://www.thingelstad.com/2017/12/16/113506.html,,confirmed,"old dead, new live, texts match"
33,https://www.thingelstad.com/2017/12/16/excited-for-tonights.html,https://www.thingelstad.com/2017/12/16/204420.html,1233390,2017-12-16,excited for tonight s semisonic show,excited for tonight s semisonic show semisonic at first ave,1.00,404,,200,,https://www.thingelstad.com/2017/12/16/204420.html,,confirmed,"old dead, new live, texts match"
33,https://www.thingelstad.com/2017/12/16/semisonic-at-first.html,https://www.thingelstad.com/2017/12/16/204420.html,1233390,2017-12-16,semisonic at first ave,excited for tonight s semisonic show semisonic at first ave,1.00,404,,200,,https://www.thingelstad.com/2017/12/16/204420.html,,confirmed,"old dead, new live, texts match"
33,https://www.thingelstad.com/2017/12/16/snowy-field-along.html,https://www.thingelstad.com/2017/12/16/113506.html,1233391,2017-12-16,snowy field along the northstar train route,afternoon father son excursion on the northstar train to big lake and back snowy,1.00,404,,200,,https://www.thingelstad.com/2017/12/16/113506.html,,confirmed,"old dead, new live, texts match"
35,https://www.thingelstad.com/2017/12/31/got-a-set.html,https://www.thingelstad.com/2017/12/31/152103.html,1241909,2017-12-31,got a set of the bodum demitasse for christmas lighter than my typical illy demi,leveling up my coffee fussiness with this new coffee distribution tool got a set,1.00,404,,200,,https://www.thingelstad.com/2017/12/31/152103.html,,confirmed,"old dead, new live, texts match"
35,https://www.thingelstad.com/2017/12/31/it-was-mrs.html,https://www.thingelstad.com/2017/12/31/200954.html,1241901,2017-12-31,it was mrs peacock in the hall with a wrench,time for family new year s eve game of clue is first up it was mrs peacock in th,1.00,404,,200,,https://www.thingelstad.com/2017/12/31/200954.html,,confirmed,"old dead, new live, texts match"
35,https://www.thingelstad.com/2017/12/31/leveling-up-my.html,https://www.thingelstad.com/2017/12/31/152103.html,1241909,2017-12-31,leveling up my coffee fussiness with this new coffee distribution tool,leveling up my coffee fussiness with this new coffee distribution tool got a set,1.00,404,,200,,https://www.thingelstad.com/2017/12/31/152103.html,,confirmed,"old dead, new live, texts match"
35,https://www.thingelstad.com/2017/12/31/time-for-family.html,https://www.thingelstad.com/2017/12/31/200954.html,1241901,2017-12-31,time for family new years eve game of clue is first up,time for family new year s eve game of clue is first up it was mrs peacock in th,0.92,404,,200,,https://www.thingelstad.com/2017/12/31/200954.html,,confirmed,"old dead, new live, texts match"
37,https://www.thingelstad.com/2018/01/14/pleased-with-my.html,https://www.thingelstad.com/2018/01/14/073400.html,1248350,2018-01-14,pleased with my first go at nordic waffles tasted delicious kids liked them too ,trying my hand at some nordic waffles this morning with the help of stine aaslan,1.00,404,,200,,https://www.thingelstad.com/2018/01/14/073400.html,,confirmed,"old dead, new live, texts match"
37,https://www.thingelstad.com/2018/01/14/trying-my-hand.html,https://www.thingelstad.com/2018/01/14/073400.html,1248350,2018-01-14,trying my hand at some nordic waffles this morning with the help of stine aaslan,trying my hand at some nordic waffles this morning with the help of stine aaslan,1.00,404,,200,,https://www.thingelstad.com/2018/01/14/073400.html,,confirmed,"old dead, new live, texts match"
38,https://www.thingelstad.com/2018/01/22/let-it-snow.html,https://www.thingelstad.com/2018/01/22/a-lot-of.html,1254635,2018-01-22,let it snow,a lot of snow coming down in minneapolis two hours running snow blower i m done ,1.00,404,,200,,https://www.thingelstad.com/2018/01/22/a-lot-of.html,,confirmed,"old dead, new live, texts match"
38,https://www.thingelstad.com/2018/01/22/school-cancelled-tomorrow.html,https://www.thingelstad.com/2018/01/22/a-lot-of.html,1254635,2018-01-22,school cancelled tomorrow kids are filled with excitement i remember that feelin,a lot of snow coming down in minneapolis two hours running snow blower i m done ,1.00,404,,200,,https://www.thingelstad.com/2018/01/22/a-lot-of.html,,confirmed,"old dead, new live, texts match"
38,https://www.thingelstad.com/2018/01/22/two-hours-running.html,https://www.thingelstad.com/2018/01/22/a-lot-of.html,1254635,2018-01-22,two hours running snow blower i m done for tonight we ll see what we wake up to ,a lot of snow coming down in minneapolis two hours running snow blower i m done ,1.00,404,,200,,https://www.thingelstad.com/2018/01/22/a-lot-of.html,,confirmed,"old dead, new live, texts match"
43,https://www.thingelstad.com/2018/02/24/at-feed-my.html,https://www.thingelstad.com/2018/02/24/080007.html,1271780,2018-02-24,at feed my starving children to pack meals tyler wanted to come here for his bir,at feed my starving children to pack meals tyler wanted to come here for his bir,1.00,404,,200,,https://www.thingelstad.com/2018/02/24/080007.html,,confirmed,"old dead, new live, texts match"
43,https://www.thingelstad.com/2018/02/24/congratulations-to-duluth.html,https://www.thingelstad.com/2018/02/24/if-curling-can.html,1271779,2018-02-24,congratulations to duluth curling club for bringing home the first us gold in cu,if curling can be an olympic sport than surely kubb could be too congratulations,1.00,404,,200,,https://www.thingelstad.com/2018/02/24/if-curling-can.html,,confirmed,"old dead, new live, texts match"
43,https://www.thingelstad.com/2018/02/24/if-curlinghttpsenwikipediaorgwikicurling-can.html,https://www.thingelstad.com/2018/02/24/if-curling-can.html,1271779,2018-02-24,if curling can be an olympic sport than surely kubb could be too,if curling can be an olympic sport than surely kubb could be too congratulations,1.00,404,,200,,https://www.thingelstad.com/2018/02/24/if-curling-can.html,,confirmed,"old dead, new live, texts match"
43,https://www.thingelstad.com/2018/02/24/interesting-strategy-in.html,https://www.thingelstad.com/2018/02/24/if-curling-can.html,1271779,2018-02-24,interesting strategy in curling,if curling can be an olympic sport than surely kubb could be too congratulations,1.00,404,,200,,https://www.thingelstad.com/2018/02/24/if-curling-can.html,,confirmed,"old dead, new live, texts match"
43,https://www.thingelstad.com/2018/02/24/mass-start-speed.html,https://www.thingelstad.com/2018/02/24/if-curling-can.html,1271779,2018-02-24,mass start speed skating reminds me a lot of track cycling,if curling can be an olympic sport than surely kubb could be too congratulations,1.00,404,,200,,https://www.thingelstad.com/2018/02/24/if-curling-can.html,,confirmed,"old dead, new live, texts match"
43,https://www.thingelstad.com/2018/02/24/we-made-meals.html,https://www.thingelstad.com/2018/02/24/080007.html,1271780,2018-02-24,we made 34 344 meals enough to feed 94 kids for a year,at feed my starving children to pack meals tyler wanted to come here for his bir,1.00,404,,200,,https://www.thingelstad.com/2018/02/24/080007.html,,confirmed,"old dead, new live, texts match"
43,https://www.thingelstad.com/2018/02/24/we-packed-boxes.html,https://www.thingelstad.com/2018/02/24/080007.html,1271780,2018-02-24,we packed 22 boxes at feed my starving children this morning tyler picked a grea,at feed my starving children to pack meals tyler wanted to come here for his bir,1.00,404,,200,,https://www.thingelstad.com/2018/02/24/080007.html,,confirmed,"old dead, new live, texts match"
43,https://www.thingelstad.com/2018/03/02/dan-wilson-allrequest.html,https://www.thingelstad.com/2018/03/02/dan-wilson-at.html,1219424,2018-03-02,dan wilson all request on piano,dan wilson taking the stage for his 3 ring binder all requests show at icehouse ,1.00,404,,200,,https://www.thingelstad.com/2018/03/02/dan-wilson-at.html,,confirmed,"old dead, new live, texts match"
43,https://www.thingelstad.com/2018/03/02/dan-wilson-taking.html,https://www.thingelstad.com/2018/03/02/dan-wilson-at.html,1219424,2018-03-02,dan wilson taking the stage for his 3 ring binder all requests show at icehouse,dan wilson taking the stage for his 3 ring binder all requests show at icehouse ,1.00,404,,200,,https://www.thingelstad.com/2018/03/02/dan-wilson-at.html,,confirmed,"old dead, new live, texts match"
44,https://www.thingelstad.com/2018/03/05/amy-kent-and.html,http://micro.thingelstad.com/2018/03/04/amy-kent-and.html,426256,2018-03-05,amy kent and i got a warm welcome from our partners at bristlecone after 20 hour,amy kent and i got a warm welcome from our partners at bristlecone after 20 hour,1.00,404,,200,https://www.thingelstad.com/2018/03/04/amy-kent-and.html,https://www.thingelstad.com/2018/03/04/amy-kent-and.html,,confirmed,"old dead, new live, texts match"
44,https://www.thingelstad.com/2018/03/05/the-customs-hall.html,http://micro.thingelstad.com/2018/03/04/the-customs-hall.html,426255,2018-03-05,the customs hall at the delhi airport has some cool artistic touches,the customs hall at the delhi airport has some cool artistic touches,1.00,404,,200,https://www.thingelstad.com/2018/03/04/the-customs-hall.html,https://www.thingelstad.com/2018/03/04/the-customs-hall.html,,confirmed,"old dead, new live, texts match"
44,https://www.thingelstad.com/2018/03/06/nice-evening-of.html,http://micro.thingelstad.com/2018/03/05/nice-evening-of.html,426454,2018-03-06,nice evening of good food and conversation with bristlecone team,nice evening of good food and conversation with bristlecone team,1.00,404,,200,https://www.thingelstad.com/2018/03/05/nice-evening-of.html,https://www.thingelstad.com/2018/03/05/nice-evening-of.html,,confirmed,"old dead, new live, texts match"
44,https://www.thingelstad.com/2018/03/06/starting-second-leg.html,http://micro.thingelstad.com/2018/03/05/starting-second-leg.html,426676,2018-03-06,starting second leg of india trip with flight to hyderabad,starting second leg of india trip with flight to hyderabad,1.00,404,,200,https://www.thingelstad.com/2018/03/05/starting-second-leg.html,https://www.thingelstad.com/2018/03/05/starting-second-leg.html,,confirmed,"old dead, new live, texts match"
44,https://www.thingelstad.com/2018/03/07/fabulous-evening-at.html,http://micro.thingelstad.com/2018/03/06/fabulous-evening-at.html,427307,2018-03-07,fabulous evening at taj falaknuma palace amazing palace and very good dinner at ,fabulous evening at taj falaknuma palace amazing palace and very good dinner at ,1.00,404,,200,https://www.thingelstad.com/2018/03/06/fabulous-evening-at.html,https://www.thingelstad.com/2018/03/06/fabulous-evening-at.html,,confirmed,"old dead, new live, texts match"
44,https://www.thingelstad.com/2018/03/07/miniature-temple-in.html,http://micro.thingelstad.com/2018/03/06/miniature-temple-in.html,427308,2018-03-07,miniature temple in hyderabad,miniature temple in hyderabad,1.00,404,,200,https://www.thingelstad.com/2018/03/06/miniature-temple-in.html,https://www.thingelstad.com/2018/03/06/miniature-temple-in.html,,confirmed,"old dead, new live, texts match"
45,https://www.thingelstad.com/2018/03/10/starting-flights-home.html,http://micro.thingelstad.com/2018/03/11/starting-flights-home.html,428708,2018-03-10,starting flights home from india delhi del amsterdam ams minneapolis msp depart ,starting flights home from india delhi del amsterdam ams minneapolis msp depart ,1.00,404,,200,https://www.thingelstad.com/2018/03/11/starting-flights-home.html,https://www.thingelstad.com/2018/03/11/starting-flights-home.html,,confirmed,"old dead, new live, texts match"
46,https://www.thingelstad.com/2018/03/17/goal-yeah-minnesota.html,http://micro.thingelstad.com/2018/03/17/nice-home-opener.html,430182,2018-03-17,goal yeah minnesota united mnufc 1 0,goal yeah minnesota united united 1 0 wow 3 rapid goals leave mnufc leading 2 1 ,1.00,404,,200,https://www.thingelstad.com/2018/03/17/nice-home-opener.html,https://www.thingelstad.com/2018/03/17/nice-home-opener.html,,confirmed,"old dead, new live, texts match"
46,https://www.thingelstad.com/2018/03/17/wow-rapid-goals.html,http://micro.thingelstad.com/2018/03/17/nice-home-opener.html,430182,2018-03-17,wow 3 rapid goals leave mnufc leading 2 1,goal yeah minnesota united united 1 0 wow 3 rapid goals leave mnufc leading 2 1 ,1.00,404,,200,https://www.thingelstad.com/2018/03/17/nice-home-opener.html,https://www.thingelstad.com/2018/03/17/nice-home-opener.html,,confirmed,"old dead, new live, texts match"
48,https://www.thingelstad.com/2018/04/06/192805.html,https://www.thingelstad.com/2018/04/06/chicago-cloud-gate.html,1297794,2018-04-06,chicago cloud gate,chicago cloud gate sculpture inside the chicago cloud gate chicago cloud gate,1.00,404,,200,,https://www.thingelstad.com/2018/04/06/chicago-cloud-gate.html,,confirmed,"old dead, new live, texts match"
48,https://www.thingelstad.com/2018/04/06/chicago-cloud-gatehttpsenwikipediaorgwikicloudgate.html,https://www.thingelstad.com/2018/04/06/chicago-cloud-gate.html,1297794,2018-04-06,chicago cloud gate sculpture,chicago cloud gate sculpture inside the chicago cloud gate chicago cloud gate,1.00,404,,200,,https://www.thingelstad.com/2018/04/06/chicago-cloud-gate.html,,confirmed,"old dead, new live, texts match"
48,https://www.thingelstad.com/2018/04/06/family-selfie-from.html,https://www.thingelstad.com/2018/04/06/193931.html,1297792,2018-04-06,family selfie from the top of the john hancock tower,the view from the 360 chicago deck on the john hancock tower was incredible fami,1.00,404,,200,,https://www.thingelstad.com/2018/04/06/193931.html,,confirmed,"old dead, new live, texts match"
48,https://www.thingelstad.com/2018/04/06/inside-the-chicago.html,https://www.thingelstad.com/2018/04/06/chicago-cloud-gate.html,1297794,2018-04-06,inside the chicago cloud gate,chicago cloud gate sculpture inside the chicago cloud gate chicago cloud gate,1.00,404,,200,,https://www.thingelstad.com/2018/04/06/chicago-cloud-gate.html,,confirmed,"old dead, new live, texts match"
48,https://www.thingelstad.com/2018/04/06/the-view-from.html,https://www.thingelstad.com/2018/04/06/193931.html,1297792,2018-04-06,the view from the 360 chicago deck on the john hancock tower was incredible,the view from the 360 chicago deck on the john hancock tower was incredible fami,1.00,404,,200,,https://www.thingelstad.com/2018/04/06/193931.html,,confirmed,"old dead, new live, texts match"
50,https://www.thingelstad.com/2018/04/15/cleared-three-neighbors.html,https://www.thingelstad.com/2018/04/15/094726.html,1305661,2018-04-15,cleared three neighbors driveways out with my snowblower building karma points t,well over a foot of snow to deal this morning heavy too with the warm temperatur,1.00,404,,200,,https://www.thingelstad.com/2018/04/15/094726.html,,confirmed,"old dead, new live, texts match"
50,https://www.thingelstad.com/2018/04/15/minnebar-lunch-panorama.html,http://micro.thingelstad.com/2018/04/14/minnebar-lunch-panorama.html,494805,2018-04-15,minnebar lunch panorama,minnebar lunch panorama,1.00,404,,200,https://www.thingelstad.com/2018/04/14/minnebar-lunch-panorama.html,https://www.thingelstad.com/2018/04/14/minnebar-lunch-panorama.html,,confirmed,"old dead, new live, texts match"
50,https://www.thingelstad.com/2018/04/15/model-trains-are.html,https://www.thingelstad.com/2018/04/15/120105.html,1305428,2018-04-15,model trains are always fun tyler and i are running the train yard today z scale,snow day seems like a good day to get the z scale train out model trains are alw,1.00,404,,200,,https://www.thingelstad.com/2018/04/15/120105.html,,confirmed,"old dead, new live, texts match"
50,https://www.thingelstad.com/2018/04/15/people-flying-their.html,http://micro.thingelstad.com/2018/04/14/people-flying-their.html,494804,2018-04-15,people flying their drones through vr goggles looks kind of creepy,people flying their drones through vr goggles looks kind of creepy,1.00,404,,200,https://www.thingelstad.com/2018/04/14/people-flying-their.html,https://www.thingelstad.com/2018/04/14/people-flying-their.html,,confirmed,"old dead, new live, texts match"
50,https://www.thingelstad.com/2018/04/15/planning-to-just.html,http://micro.thingelstad.com/2018/04/14/planning-to-just.html,494815,2018-04-15,planning to just let the snow keep falling and get completely snowed in until to,planning to just let the snow keep falling and get completely snowed in until to,1.00,404,,200,https://www.thingelstad.com/2018/04/14/planning-to-just.html,https://www.thingelstad.com/2018/04/14/planning-to-just.html,,confirmed,"old dead, new live, texts match"
50,https://www.thingelstad.com/2018/04/15/snow-day-seems.html,https://www.thingelstad.com/2018/04/15/120105.html,1305428,2018-04-15,snow day seems like a good day to get the z scale train out,snow day seems like a good day to get the z scale train out model trains are alw,1.00,404,,200,,https://www.thingelstad.com/2018/04/15/120105.html,,confirmed,"old dead, new live, texts match"
50,https://www.thingelstad.com/2018/04/15/well-over-a.html,https://www.thingelstad.com/2018/04/15/094726.html,1305661,2018-04-15,well over a foot of snow to deal this morning heavy too with the warm temperatur,well over a foot of snow to deal this morning heavy too with the warm temperatur,1.00,404,,200,,https://www.thingelstad.com/2018/04/15/094726.html,,confirmed,"old dead, new live, texts match"
50,https://www.thingelstad.com/2018/04/16/enjoyed-darkest-hourhttpsimdbcomtitlett.html,http://micro.thingelstad.com/2018/04/15/enjoyed-darkest-hourhttpsimdbcomtitlett.html,495144,2018-04-16,enjoyed darkest hour,enjoyed darkest hour,1.00,404,,200,https://www.thingelstad.com/2018/04/15/enjoyed-darkest-hourhttpsimdbcomtitlett.html,https://www.thingelstad.com/2018/04/15/enjoyed-darkest-hourhttpsimdbcomtitlett.html,,confirmed,"old dead, new live, texts match"
50,https://www.thingelstad.com/2018/04/16/it-is-still.html,http://micro.thingelstad.com/2018/04/15/it-is-still.html,495088,2018-04-16,it is still snowing in minneapolis i am flying to ukraine tomorrow and will be e,it is still snowing in minneapolis i am flying to ukraine tomorrow and will be e,1.00,404,,200,https://www.thingelstad.com/2018/04/15/it-is-still.html,https://www.thingelstad.com/2018/04/15/it-is-still.html,,confirmed,"old dead, new live, texts match"
50,https://www.thingelstad.com/2018/04/19/morning-in-kiev.html,http://micro.thingelstad.com/2018/04/18/morning-in-kiev.html,496366,2018-04-19,morning in kiev ukraine,morning in kyiv ukraine,0.75,404,,200,https://www.thingelstad.com/2018/04/18/morning-in-kiev.html,https://www.thingelstad.com/2018/04/18/morning-in-kiev.html,,confirmed,"old dead, but the texts differ; Jamie approved 2026-10-01 (hashtags/mentions dropped in micro.blog merge)"
50,https://www.thingelstad.com/2018/04/20/ive-never-understood.html,http://micro.thingelstad.com/2018/04/19/ive-never-understood.html,496659,2018-04-20,i ve never understood why people wrap their luggage i see this mostly on interna,i ve never understood why people wrap their luggage i see this mostly on interna,1.00,404,,200,https://www.thingelstad.com/2018/04/19/ive-never-understood.html,https://www.thingelstad.com/2018/04/19/ive-never-understood.html,,confirmed,"old dead, new live, texts match"
50,https://www.thingelstad.com/2018/04/20/just-preordered-blocker.html,http://micro.thingelstad.com/2018/04/19/just-preordered-blocker.html,496669,2018-04-20,just preordered 1blocker x i rely on 1blocker to keep me protected on the web i ,just preordered 1blocker x i rely on 1blocker to keep me protected on the web i ,1.00,404,,200,https://www.thingelstad.com/2018/04/19/just-preordered-blocker.html,https://www.thingelstad.com/2018/04/19/just-preordered-blocker.html,,confirmed,"old dead, new live, texts match"
50,https://www.thingelstad.com/2018/04/20/time-to-head.html,http://micro.thingelstad.com/2018/04/19/time-to-head.html,496672,2018-04-20,time to head home successful 8th trip to kyiv to visit teamsps,time to head home successful 8th trip to kyiv to visit teamsps,1.00,404,,200,https://www.thingelstad.com/2018/04/19/time-to-head.html,https://www.thingelstad.com/2018/04/19/time-to-head.html,,confirmed,"old dead, new live, texts match"
52,https://www.thingelstad.com/2018/04/28/bobby-bobby-bobby.html,https://www.thingelstad.com/2018/04/28/minnesota-united-v.html,1312546,2018-04-28,b obby b obby b obby nice save,ready for tonight s minnesota united game time for soccer go united mn united co,1.00,404,,200,,https://www.thingelstad.com/2018/04/28/minnesota-united-v.html,,confirmed,"old dead, new live, texts match"
52,https://www.thingelstad.com/2018/04/28/cue-wonderwall-nice.html,https://www.thingelstad.com/2018/04/28/minnesota-united-v.html,1312546,2018-04-28,cue wonderwall nice win minnesota united mnufc 2 1,ready for tonight s minnesota united game time for soccer go united mn united co,0.89,404,,200,,https://www.thingelstad.com/2018/04/28/minnesota-united-v.html,,confirmed,"old dead, but the texts differ; Jamie approved 2026-10-01 (hashtags/mentions dropped in micro.blog merge)"
52,https://www.thingelstad.com/2018/04/28/goal-mnufc.html,https://www.thingelstad.com/2018/04/28/minnesota-united-v.html,1312546,2018-04-28,goal mnufc 2 1,ready for tonight s minnesota united game time for soccer go united mn united co,0.75,404,,200,,https://www.thingelstad.com/2018/04/28/minnesota-united-v.html,,confirmed,"old dead, but the texts differ; Jamie approved 2026-10-01 (hashtags/mentions dropped in micro.blog merge)"
52,https://www.thingelstad.com/2018/04/28/halftime-family-selfie.html,https://www.thingelstad.com/2018/04/28/minnesota-united-v.html,1312546,2018-04-28,halftime family selfie at minnesota united mnufc v houston dynamo 1 1,ready for tonight s minnesota united game time for soccer go united mn united co,0.91,404,,200,,https://www.thingelstad.com/2018/04/28/minnesota-united-v.html,,confirmed,"old dead, new live, texts match"
52,https://www.thingelstad.com/2018/04/28/mn-united-completely.html,https://www.thingelstad.com/2018/04/28/minnesota-united-v.html,1312546,2018-04-28,mn united completely outplayed on that drive down a goal,ready for tonight s minnesota united game time for soccer go united mn united co,1.00,404,,200,,https://www.thingelstad.com/2018/04/28/minnesota-united-v.html,,confirmed,"old dead, new live, texts match"
52,https://www.thingelstad.com/2018/04/28/this-review-could.html,https://www.thingelstad.com/2018/04/28/minnesota-united-v.html,1312546,2018-04-28,this review could have gotten really ugly luckily went the right way,ready for tonight s minnesota united game time for soccer go united mn united co,1.00,404,,200,,https://www.thingelstad.com/2018/04/28/minnesota-united-v.html,,confirmed,"old dead, new live, texts match"
54,https://www.thingelstad.com/2018/05/12/goal-for-the.html,https://www.thingelstad.com/2018/05/12/mn-united-v.html,1321904,2018-05-12,goal for the yellow team to give san jose early lead mnufc,ready for mn united game mn united game time goal for the yellow team to give sa,0.92,404,,200,,https://www.thingelstad.com/2018/05/12/mn-united-v.html,,confirmed,"old dead, new live, texts match"
54,https://www.thingelstad.com/2018/05/12/gorgeous-goal-from.html,https://www.thingelstad.com/2018/05/12/mn-united-v.html,1321904,2018-05-12,gorgeous goal from ramirez to bring mnufc to 1 1 with sj yellow team is horrible,ready for mn united game mn united game time goal for the yellow team to give sa,0.93,404,,200,,https://www.thingelstad.com/2018/05/12/mn-united-v.html,,confirmed,"old dead, new live, texts match"
54,https://www.thingelstad.com/2018/05/12/mn-united-mnufc.html,https://www.thingelstad.com/2018/05/12/mn-united-v.html,1321904,2018-05-12,mn united mnufc game time,ready for mn united game mn united game time goal for the yellow team to give sa,0.80,404,,200,,https://www.thingelstad.com/2018/05/12/mn-united-v.html,,confirmed,"old dead, but the texts differ; Jamie approved 2026-10-01 (hashtags/mentions dropped in micro.blog merge)"
54,https://www.thingelstad.com/2018/05/12/ready-for-mn.html,https://www.thingelstad.com/2018/05/12/mn-united-v.html,1321904,2018-05-12,ready for mn united game,ready for mn united game mn united game time goal for the yellow team to give sa,1.00,404,,200,,https://www.thingelstad.com/2018/05/12/mn-united-v.html,,confirmed,"old dead, new live, texts match"
54,https://www.thingelstad.com/2018/05/12/sj-quakes-remember.html,https://www.thingelstad.com/2018/05/12/mn-united-v.html,1321904,2018-05-12,sj quakes remember to send a nice thank you to the yellow team for the win next ,ready for mn united game mn united game time goal for the yellow team to give sa,0.94,404,,200,,https://www.thingelstad.com/2018/05/12/mn-united-v.html,,confirmed,"old dead, new live, texts match"
54,https://www.thingelstad.com/2018/05/16/220235.html,https://www.thingelstad.com/2018/05/16/sps-techjam.html,1323580,2018-05-16,time for some fun socializing for teamsps at spstechjam,today is our annual teamsps techjam event bringing the global sps technology tea,0.88,404,,200,,https://www.thingelstad.com/2018/05/16/sps-techjam.html,,confirmed,"old dead, but the texts differ; Jamie approved 2026-10-01 (hashtags/mentions dropped in micro.blog merge)"
54,https://www.thingelstad.com/2018/05/16/a-huge-thank.html,https://www.thingelstad.com/2018/05/16/sps-techjam.html,1323580,2018-05-16,a huge thank you to the teamsps techjam event organizers your passion and drive ,today is our annual teamsps techjam event bringing the global sps technology tea,0.95,404,,200,,https://www.thingelstad.com/2018/05/16/sps-techjam.html,,confirmed,"old dead, new live, texts match"
54,https://www.thingelstad.com/2018/05/16/afternoon-sessions-for.html,https://www.thingelstad.com/2018/05/16/sps-techjam.html,1323580,2018-05-16,afternoon sessions for spstechjam,today is our annual teamsps techjam event bringing the global sps technology tea,0.75,404,,200,,https://www.thingelstad.com/2018/05/16/sps-techjam.html,,confirmed,"old dead, but the texts differ; Jamie approved 2026-10-01 (hashtags/mentions dropped in micro.blog merge)"
54,https://www.thingelstad.com/2018/05/16/another-great-teamsps.html,https://www.thingelstad.com/2018/05/16/sps-techjam.html,1323580,2018-05-16,another great teamsps spstechjam wonderful topics great speakers and an amazing ,today is our annual teamsps techjam event bringing the global sps technology tea,0.91,404,,200,,https://www.thingelstad.com/2018/05/16/sps-techjam.html,,confirmed,"old dead, new live, texts match"
54,https://www.thingelstad.com/2018/05/16/at-sps-it.html,https://www.thingelstad.com/2018/05/16/sps-techjam.html,1323580,2018-05-16,at sps it might be kube or kubb kelly hamm at sumologic knows teamsps and thanks,today is our annual teamsps techjam event bringing the global sps technology tea,1.00,404,,200,,https://www.thingelstad.com/2018/05/16/sps-techjam.html,,confirmed,"old dead, new live, texts match"
54,https://www.thingelstad.com/2018/05/16/bridget-kromhout-bridgetkromhout.html,https://www.thingelstad.com/2018/05/16/sps-techjam.html,1323580,2018-05-16,bridget kromhout bridgetkromhout getting spstechjam started off computers are ea,today is our annual teamsps techjam event bringing the global sps technology tea,0.83,404,,200,,https://www.thingelstad.com/2018/05/16/sps-techjam.html,,confirmed,"old dead, but the texts differ; Jamie approved 2026-10-01 (hashtags/mentions dropped in micro.blog merge)"
54,https://www.thingelstad.com/2018/05/16/evolutionary-architecture-kotlin.html,https://www.thingelstad.com/2018/05/16/sps-techjam.html,1323580,2018-05-16,evolutionary architecture kotlin and graphql great 2nd half of the morning at sp,today is our annual teamsps techjam event bringing the global sps technology tea,0.92,404,,200,,https://www.thingelstad.com/2018/05/16/sps-techjam.html,,confirmed,"old dead, new live, texts match"
54,https://www.thingelstad.com/2018/05/16/great-teamsps-speakers.html,https://www.thingelstad.com/2018/05/16/sps-techjam.html,1323580,2018-05-16,great teamsps speakers at spstechjam thank you for sharing,today is our annual teamsps techjam event bringing the global sps technology tea,0.89,404,,200,,https://www.thingelstad.com/2018/05/16/sps-techjam.html,,confirmed,"old dead, but the texts differ; Jamie approved 2026-10-01 (hashtags/mentions dropped in micro.blog merge)"
54,https://www.thingelstad.com/2018/05/16/i-left-my.html,https://www.thingelstad.com/2018/05/16/sps-techjam.html,1323580,2018-05-16,i left my ipad at my seat while stepping away and teamsps security was on the jo,today is our annual teamsps techjam event bringing the global sps technology tea,1.00,404,,200,,https://www.thingelstad.com/2018/05/16/sps-techjam.html,,confirmed,"old dead, new live, texts match"
54,https://www.thingelstad.com/2018/05/16/not-sure-about.html,https://www.thingelstad.com/2018/05/16/sps-techjam.html,1323580,2018-05-16,not sure about the optimuspaul sticker in the lower right,today is our annual teamsps techjam event bringing the global sps technology tea,0.89,404,,200,,https://www.thingelstad.com/2018/05/16/sps-techjam.html,,confirmed,"old dead, but the texts differ; Jamie approved 2026-10-01 (hashtags/mentions dropped in micro.blog merge)"
54,https://www.thingelstad.com/2018/05/16/today-is-our.html,https://www.thingelstad.com/2018/05/16/sps-techjam.html,1323580,2018-05-16,today is our annual teamsps techjam event bringing the global sps technology tea,today is our annual teamsps techjam event bringing the global sps technology tea,0.97,404,,200,,https://www.thingelstad.com/2018/05/16/sps-techjam.html,,confirmed,"old dead, new live, texts match"
54,https://www.thingelstad.com/2018/05/16/today-we-have.html,https://www.thingelstad.com/2018/05/16/sps-techjam.html,1323580,2018-05-16,today we have people from united states multiple cities ukraine canada india and,today is our annual teamsps techjam event bringing the global sps technology tea,1.00,404,,200,,https://www.thingelstad.com/2018/05/16/sps-techjam.html,,confirmed,"old dead, new live, texts match"
54,https://www.thingelstad.com/2018/05/16/women-in-tech.html,https://www.thingelstad.com/2018/05/16/sps-techjam.html,1323580,2018-05-16,women in tech sharing with teamsps the great work they are leading spstechjam,today is our annual teamsps techjam event bringing the global sps technology tea,0.92,404,,200,,https://www.thingelstad.com/2018/05/16/sps-techjam.html,,confirmed,"old dead, new live, texts match"
55,https://www.thingelstad.com/2018/05/20/time-for-lunch.html,https://www.thingelstad.com/2018/05/20/131223.html,1326870,2018-05-20,time for lunch sox leading 3 0,white sox v texas rangers time for lunch sox leading 3 0 white sox beat texas ra,1.00,404,,200,,https://www.thingelstad.com/2018/05/20/131223.html,,confirmed,"old dead, new live, texts match"
55,https://www.thingelstad.com/2018/05/20/white-sox-beat.html,https://www.thingelstad.com/2018/05/20/131223.html,1326870,2018-05-20,white sox beat texas rangers 3 0 nice game,white sox v texas rangers time for lunch sox leading 3 0 white sox beat texas ra,1.00,404,,200,,https://www.thingelstad.com/2018/05/20/131223.html,,confirmed,"old dead, new live, texts match"
55,https://www.thingelstad.com/2018/05/20/white-sox-v.html,https://www.thingelstad.com/2018/05/20/131223.html,1326870,2018-05-20,white sox v texas rangers,white sox v texas rangers time for lunch sox leading 3 0 white sox beat texas ra,1.00,404,,200,,https://www.thingelstad.com/2018/05/20/131223.html,,confirmed,"old dead, new live, texts match"
55,https://www.thingelstad.com/2018/05/22/enjoying-a-perfect.html,https://www.thingelstad.com/2018/05/22/191210.html,1327547,2018-05-22,enjoying a perfect night for baseball,minnesota twins v detroit tigers enjoying a perfect night for baseball panorama ,1.00,404,,200,,https://www.thingelstad.com/2018/05/22/191210.html,,confirmed,"old dead, new live, texts match"
55,https://www.thingelstad.com/2018/05/22/kramarczuks-polish-sausage.html,https://www.thingelstad.com/2018/05/22/191210.html,1327547,2018-05-22,kramarczuk s polish sausage with sauerkraut delicious must have at target field,minnesota twins v detroit tigers enjoying a perfect night for baseball panorama ,1.00,404,,200,,https://www.thingelstad.com/2018/05/22/191210.html,,confirmed,"old dead, new live, texts match"
55,https://www.thingelstad.com/2018/05/22/minnesota-twins-v.html,https://www.thingelstad.com/2018/05/22/191210.html,1327547,2018-05-22,minnesota twins v detroit tigers,minnesota twins v detroit tigers enjoying a perfect night for baseball panorama ,1.00,404,,200,,https://www.thingelstad.com/2018/05/22/191210.html,,confirmed,"old dead, new live, texts match"
55,https://www.thingelstad.com/2018/05/22/panorama-of-target.html,https://www.thingelstad.com/2018/05/22/191210.html,1327547,2018-05-22,panorama of target field,minnesota twins v detroit tigers enjoying a perfect night for baseball panorama ,1.00,404,,200,,https://www.thingelstad.com/2018/05/22/191210.html,,confirmed,"old dead, new live, texts match"
59,https://www.thingelstad.com/2018/06/16/brandi-carlile-amazes.html,https://www.thingelstad.com/2018/06/16/brandi-carlile-at.html,1173010,2018-06-16,brandi carlile amazes me every time,brandi carlile taking the stage at big top chautauqua crowd is excited her perfo,0.83,404,,200,,https://www.thingelstad.com/2018/06/16/brandi-carlile-at.html,,confirmed,"old dead, but the texts differ; Jamie approved 2026-10-01 (hashtags/mentions dropped in micro.blog merge)"
59,https://www.thingelstad.com/2018/06/16/brandi-carlile-taking.html,https://www.thingelstad.com/2018/06/16/brandi-carlile-at.html,1173010,2018-06-16,brandi carlile taking the stage at big top chautauqua crowd is excited,brandi carlile taking the stage at big top chautauqua crowd is excited her perfo,1.00,404,,200,,https://www.thingelstad.com/2018/06/16/brandi-carlile-at.html,,confirmed,"old dead, new live, texts match"
59,https://www.thingelstad.com/2018/06/16/magical-here-thank.html,https://www.thingelstad.com/2018/06/16/brandi-carlile-at.html,1173010,2018-06-16,magical here thank you brandi carlile,brandi carlile taking the stage at big top chautauqua crowd is excited her perfo,1.00,404,,200,,https://www.thingelstad.com/2018/06/16/brandi-carlile-at.html,,confirmed,"old dead, new live, texts match"
61,https://www.thingelstad.com/2018/06/29/002112.html,https://www.thingelstad.com/2018/06/29/minnesota-united-fc.html,1351583,2018-06-29,time for some minnesota united fc v fc dallas soccer,time for some minnesota united fc v fc dallas soccer family selfie at minnesota ,1.00,404,,200,,https://www.thingelstad.com/2018/06/29/minnesota-united-fc.html,,confirmed,"old dead, new live, texts match"
61,https://www.thingelstad.com/2018/06/29/002848.html,https://www.thingelstad.com/2018/06/29/minnesota-united-fc.html,1351583,2018-06-29,family selfie at minnesota united fc soccer game too hot for scarves tonight 94 ,time for some minnesota united fc v fc dallas soccer family selfie at minnesota ,0.88,404,,200,,https://www.thingelstad.com/2018/06/29/minnesota-united-fc.html,,confirmed,"old dead, but the texts differ; Jamie approved 2026-10-01 (hashtags/mentions dropped in micro.blog merge)"
61,https://www.thingelstad.com/2018/06/29/its-totally-cheating.html,https://www.thingelstad.com/2018/06/29/minnesota-united-fc.html,1351583,2018-06-29,it s totally cheating but i listened to wonderwall on the way home and i felt be,time for some minnesota united fc v fc dallas soccer family selfie at minnesota ,0.95,404,,200,,https://www.thingelstad.com/2018/06/29/minnesota-united-fc.html,,confirmed,"old dead, new live, texts match"
61,https://www.thingelstad.com/2018/06/29/minnesota-united-cant.html,https://www.thingelstad.com/2018/06/29/minnesota-united-fc.html,1351583,2018-06-29,minnesota united can t find the back front side or any other part of the net ton,time for some minnesota united fc v fc dallas soccer family selfie at minnesota ,0.94,404,,200,,https://www.thingelstad.com/2018/06/29/minnesota-united-fc.html,,confirmed,"old dead, new live, texts match"
62,https://www.thingelstad.com/2018/07/06/enjoying-a-cocktail.html,https://www.thingelstad.com/2018/07/06/181803.html,1357037,2018-07-06,enjoying a cocktail at the brand new 10 000 drops distillery in faribault delici,enjoying a cocktail at the brand new 10 000 drops distillery in faribault delici,1.00,404,,200,,https://www.thingelstad.com/2018/07/06/181803.html,,confirmed,"old dead, new live, texts match"
62,https://www.thingelstad.com/2018/07/06/the-distillery-at.html,https://www.thingelstad.com/2018/07/06/181803.html,1357037,2018-07-06,the distillery at 10 000 drops 10k,enjoying a cocktail at the brand new 10 000 drops distillery in faribault delici,1.00,404,,200,,https://www.thingelstad.com/2018/07/06/181803.html,,confirmed,"old dead, new live, texts match"
64,https://www.thingelstad.com/2018/07/20/new-motor-and.html,https://www.thingelstad.com/2018/07/20/071111.html,1371674,2018-07-20,new motor and some related parts on the way from chris coffee to repair my espre,pulled the lever to make espresso this morning and to my shock and horror realiz,1.00,404,,200,,https://www.thingelstad.com/2018/07/20/071111.html,,confirmed,"old dead, new live, texts match"
64,https://www.thingelstad.com/2018/07/20/pulled-the-lever.html,https://www.thingelstad.com/2018/07/20/071111.html,1371674,2018-07-20,pulled the lever to make espresso this morning and to my shock and horror realiz,pulled the lever to make espresso this morning and to my shock and horror realiz,1.00,404,,200,,https://www.thingelstad.com/2018/07/20/071111.html,,confirmed,"old dead, new live, texts match"
64,https://www.thingelstad.com/2018/07/22/233148.html,https://www.thingelstad.com/2018/07/22/mn-united-v.html,1372747,2018-07-22,great start to mn united v lafc some serious soccer mnufc minvlafc,great start to mn united v lafc some serious soccer totally amazing gorgeous goa,0.92,404,,200,,https://www.thingelstad.com/2018/07/22/mn-united-v.html,,confirmed,"old dead, new live, texts match"
64,https://www.thingelstad.com/2018/07/22/family-having-a.html,https://www.thingelstad.com/2018/07/22/mn-united-v.html,1372747,2018-07-22,family having a great time at mnufc match except tyler who is cheering for lafc ,great start to mn united v lafc some serious soccer totally amazing gorgeous goa,0.95,404,,200,,https://www.thingelstad.com/2018/07/22/mn-united-v.html,,confirmed,"old dead, new live, texts match"
64,https://www.thingelstad.com/2018/07/22/great-first-half.html,https://www.thingelstad.com/2018/07/22/mn-united-v.html,1372747,2018-07-22,great first half mnufc top notch play 3 1 mnufc minvlafc,great start to mn united v lafc some serious soccer totally amazing gorgeous goa,0.90,404,,200,,https://www.thingelstad.com/2018/07/22/mn-united-v.html,,confirmed,"old dead, new live, texts match"
64,https://www.thingelstad.com/2018/07/22/ibarra-ramirez-mnufc.html,https://www.thingelstad.com/2018/07/22/mn-united-v.html,1372747,2018-07-22,ibarra ramirez mnufc goes 5 1 minvlafc,great start to mn united v lafc some serious soccer totally amazing gorgeous goa,0.86,404,,200,,https://www.thingelstad.com/2018/07/22/mn-united-v.html,,confirmed,"old dead, but the texts differ; Jamie approved 2026-10-01 (hashtags/mentions dropped in micro.blog merge)"
64,https://www.thingelstad.com/2018/07/22/totally-amazing-gorgeous.html,https://www.thingelstad.com/2018/07/22/mn-united-v.html,1372747,2018-07-22,totally amazing gorgeous goal from mn united then neutralized in 60 seconds with,great start to mn united v lafc some serious soccer totally amazing gorgeous goa,0.95,404,,200,,https://www.thingelstad.com/2018/07/22/mn-united-v.html,,confirmed,"old dead, new live, texts match"
65,https://www.thingelstad.com/2018/07/30/nice-sunset-hitting.html,https://www.thingelstad.com/2018/07/30/192656.html,1376760,2018-07-30,nice sunset hitting downtown minneapolis from target field,twins v indians tonight nice sunset hitting downtown minneapolis from target fie,1.00,404,,200,,https://www.thingelstad.com/2018/07/30/192656.html,,confirmed,"old dead, new live, texts match"
65,https://www.thingelstad.com/2018/07/30/twins-v-indians.html,https://www.thingelstad.com/2018/07/30/192656.html,1376760,2018-07-30,twins v indians tonight,twins v indians tonight nice sunset hitting downtown minneapolis from target fie,1.00,404,,200,,https://www.thingelstad.com/2018/07/30/192656.html,,confirmed,"old dead, new live, texts match"
65,https://www.thingelstad.com/2018/07/30/twins-win.html,https://www.thingelstad.com/2018/07/30/192656.html,1376760,2018-07-30,twins win,twins v indians tonight nice sunset hitting downtown minneapolis from target fie,1.00,404,,200,,https://www.thingelstad.com/2018/07/30/192656.html,,confirmed,"old dead, new live, texts match"
65,https://www.thingelstad.com/2018/07/31/international-champions-cup.html,https://www.thingelstad.com/2018/07/31/194646.html,1377372,2018-07-31,international champions cup soccer at us bank stadium,international champions cup soccer at us bank stadium tottenham hotspur v ac mil,1.00,404,,200,,https://www.thingelstad.com/2018/07/31/194646.html,,confirmed,"old dead, new live, texts match"
65,https://www.thingelstad.com/2018/07/31/tottenham-hotspur-v.html,https://www.thingelstad.com/2018/07/31/194646.html,1377372,2018-07-31,tottenham hotspur v ac milan at us bank stadium tonight,international champions cup soccer at us bank stadium tottenham hotspur v ac mil,0.90,404,,200,,https://www.thingelstad.com/2018/07/31/194646.html,,confirmed,"old dead, new live, texts match"
66,https://www.thingelstad.com/2018/08/03/flight-delayed-on.html,https://www.thingelstad.com/2018/08/03/215437.html,1378781,2018-08-03,flight delayed on tarmac waiting out storm asked about weather well i m not a me,flight delayed on tarmac waiting out storm asked about weather well i m not a me,1.00,404,,200,,https://www.thingelstad.com/2018/08/03/215437.html,,confirmed,"old dead, new live, texts match"
66,https://www.thingelstad.com/2018/08/03/starting-vacation-with.html,https://www.thingelstad.com/2018/08/03/215437.html,1378781,2018-08-03,starting vacation with a 2 hour and still counting delay on the tarmac,flight delayed on tarmac waiting out storm asked about weather well i m not a me,1.00,404,,200,,https://www.thingelstad.com/2018/08/03/215437.html,,confirmed,"old dead, new live, texts match"
67,https://www.thingelstad.com/2018/08/13/at-my-happy.html,https://www.thingelstad.com/2018/08/13/214618.html,1385724,2018-08-13,at my happy place listening to jay farrar son volt at the minnesota zoo,at my happy place listening to jay farrar son volt at the minnesota zoo but for ,1.00,404,,200,,https://www.thingelstad.com/2018/08/13/214618.html,,confirmed,"old dead, new live, texts match"
67,https://www.thingelstad.com/2018/08/13/but-for-now.html,https://www.thingelstad.com/2018/08/13/214618.html,1385724,2018-08-13,but for now it sounds like heaven yes it does jay yes it does thank you for anot,at my happy place listening to jay farrar son volt at the minnesota zoo but for ,1.00,404,,200,,https://www.thingelstad.com/2018/08/13/214618.html,,confirmed,"old dead, new live, texts match"
71,https://www.thingelstad.com/2018/09/09/220452.html,https://www.thingelstad.com/2018/09/09/bingo-at-stanleys.html,1177208,2018-09-09,bingo at stanley s,bingo at stanley s quest for bingo blackout victory thwarted again,1.00,404,,200,,https://www.thingelstad.com/2018/09/09/bingo-at-stanleys.html,,confirmed,"old dead, new live, texts match"
71,https://www.thingelstad.com/2018/09/09/quest-for-bingo.html,https://www.thingelstad.com/2018/09/09/bingo-at-stanleys.html,1177208,2018-09-09,quest for bingo blackout victory thwarted again,bingo at stanley s quest for bingo blackout victory thwarted again,1.00,404,,200,,https://www.thingelstad.com/2018/09/09/bingo-at-stanleys.html,,confirmed,"old dead, new live, texts match"
72,https://www.thingelstad.com/2018/09/18/now-have-a.html,https://www.thingelstad.com/2018/09/18/now-have-a-vin-for.html,759853,2018-09-18,now have a vin for my tesla model 3 and a scheduled delivery date for the weeken,now have a vin for my tesla model 3 reservation and a scheduled delivery date fo,1.00,404,,200,,https://www.thingelstad.com/2018/09/18/now-have-a-vin-for.html,,confirmed,"old dead, new live, texts match"
73,https://www.thingelstad.com/2018/09/22/gorgeous-work-mnufc.html,https://www.thingelstad.com/2018/09/22/minnesota-united-v.html,1183680,2018-09-22,gorgeous work mnufc to take lead 1 0,gorgeous work mnufc to take lead 1 0 stellar first half from mn united to take a,1.00,404,,200,,https://www.thingelstad.com/2018/09/22/minnesota-united-v.html,,confirmed,"old dead, new live, texts match"
73,https://www.thingelstad.com/2018/09/22/hey-siri-loons.html,https://www.thingelstad.com/2018/09/22/minnesota-united-v.html,1183680,2018-09-22,hey siri loons win cue wonderwall great game mnufc b bby for president,gorgeous work mnufc to take lead 1 0 stellar first half from mn united to take a,1.00,404,,200,,https://www.thingelstad.com/2018/09/22/minnesota-united-v.html,,confirmed,"old dead, new live, texts match"
73,https://www.thingelstad.com/2018/09/22/only-a-few.html,https://www.thingelstad.com/2018/09/22/072633.html,1183698,2018-09-22,only a few minutes into the post home button ios experience and i can already se,upgrading to the new iphone xs using icloud backup first time i ve done this not,1.00,404,,200,,https://www.thingelstad.com/2018/09/22/072633.html,,confirmed,"old dead, new live, texts match"
73,https://www.thingelstad.com/2018/09/22/stellar-first-half.html,https://www.thingelstad.com/2018/09/22/minnesota-united-v.html,1183680,2018-09-22,stellar first half from mn united mnufc to take a 3 0 lead v portland timbers,gorgeous work mnufc to take lead 1 0 stellar first half from mn united to take a,1.00,404,,200,,https://www.thingelstad.com/2018/09/22/minnesota-united-v.html,,confirmed,"old dead, new live, texts match"
73,https://www.thingelstad.com/2018/09/22/upgrading-to-the.html,https://www.thingelstad.com/2018/09/22/072633.html,1183698,2018-09-22,upgrading to the new iphone xs using icloud backup first time i ve done this not,upgrading to the new iphone xs using icloud backup first time i ve done this not,1.00,404,,200,,https://www.thingelstad.com/2018/09/22/072633.html,,confirmed,"old dead, new live, texts match"
73,https://www.thingelstad.com/2018/09/27/202510.html,https://www.thingelstad.com/2018/09/27/sps-kubb-tournament.html,1190345,2018-09-27,great day for our teamsps technology kubb tournament good luck to all the teams,great day for our teamsps technology kubb tournament good luck to all the teams ,1.00,404,,200,,https://www.thingelstad.com/2018/09/27/sps-kubb-tournament.html,,confirmed,"old dead, new live, texts match"
73,https://www.thingelstad.com/2018/09/27/results-after-round.html,https://www.thingelstad.com/2018/09/27/sps-kubb-tournament.html,1190345,2018-09-27,results after round 1 of teamsps technology kubb tournament skubby doo v king ku,great day for our teamsps technology kubb tournament good luck to all the teams ,1.00,404,,200,,https://www.thingelstad.com/2018/09/27/sps-kubb-tournament.html,,confirmed,"old dead, new live, texts match"
73,https://www.thingelstad.com/2018/09/27/teams-that-kubb.html,https://www.thingelstad.com/2018/09/27/sps-kubb-tournament.html,1190345,2018-09-27,teams that kubb together win together teamsps,great day for our teamsps technology kubb tournament good luck to all the teams ,1.00,404,,200,,https://www.thingelstad.com/2018/09/27/sps-kubb-tournament.html,,confirmed,"old dead, new live, texts match"
73,https://www.thingelstad.com/2018/09/27/winners-from-teamsps.html,https://www.thingelstad.com/2018/09/27/sps-kubb-tournament.html,1190345,2018-09-27,winners from teamsps technology kubb tournament 1 skubby doo 2 king kubbas 3 kub,great day for our teamsps technology kubb tournament good luck to all the teams ,1.00,404,,200,,https://www.thingelstad.com/2018/09/27/sps-kubb-tournament.html,,confirmed,"old dead, new live, texts match"
74,https://www.thingelstad.com/2018/10/01/picked-up-my.html,https://www.thingelstad.com/2018/10/01/picked-up-my-tesla-model.html,768637,2018-10-01,picked up my tesla model 3 today wow,picked up my tesla model 3 today wow 2 years and 7 months after reserving it,1.00,404,,200,,https://www.thingelstad.com/2018/10/01/picked-up-my-tesla-model.html,,confirmed,"old dead, new live, texts match"
75,https://www.thingelstad.com/2018/10/08/011710.html,https://www.thingelstad.com/2018/10/08/walking-the-high-line-in.html,778854,2018-10-08,mazie and i hiked the length of the high line in manhattan today we started on 3,mazie and i hiked the length of the high line in manhattan today we started on 3,1.00,404,,200,,https://www.thingelstad.com/2018/10/08/walking-the-high-line-in.html,,confirmed,"old dead, new live, texts match"
76,https://www.thingelstad.com/2018/10/13/excited-for-our.html,https://www.thingelstad.com/2018/10/13/125945.html,1422793,2018-10-13,excited for our final mn united game of the 2018 season and the last one in tcf ,excited for our final minnesota united game of the 2018 season and the last one ,0.96,404,,200,,https://www.thingelstad.com/2018/10/13/125945.html,,confirmed,"old dead, new live, texts match"
76,https://www.thingelstad.com/2018/10/13/slow-start-for.html,https://www.thingelstad.com/2018/10/13/125945.html,1422793,2018-10-13,slow start for mnufc today,excited for our final minnesota united game of the 2018 season and the last one ,0.80,404,,200,,https://www.thingelstad.com/2018/10/13/125945.html,,confirmed,"old dead, but the texts differ; Jamie approved 2026-10-01 (hashtags/mentions dropped in micro.blog merge)"
77,https://www.thingelstad.com/2018/10/20/fun-and-chilly.html,https://www.thingelstad.com/2018/10/20/165400.html,1206589,2018-10-20,fun and chilly day playing kubb and mölkky at the olson family weekend,fun and chilly day playing kubb and mölkky at the olson family weekend kubb king,1.00,404,,200,,https://www.thingelstad.com/2018/10/20/165400.html,,confirmed,"old dead, new live, texts match"
77,https://www.thingelstad.com/2018/10/20/kubb-king-of.html,https://www.thingelstad.com/2018/10/20/165400.html,1206589,2018-10-20,kubb king of lawn games still love this painted set i won at the us national kub,fun and chilly day playing kubb and mölkky at the olson family weekend kubb king,1.00,404,,200,,https://www.thingelstad.com/2018/10/20/165400.html,,confirmed,"old dead, new live, texts match"
80,https://www.thingelstad.com/2018/11/11/044742.html,http://micro.thingelstad.com/2018/11/10/044742.html,791547,2018-11-11,family movie night watched ferdinand good movie but upon learning what bullfight,family movie night watched ferdinand good movie but upon learning what bullfight,1.00,404,,200,https://www.thingelstad.com/2018/11/10/044742.html,https://www.thingelstad.com/2018/11/10/044742.html,,confirmed,"old dead, new live, texts match"
80,https://www.thingelstad.com/2018/11/12/after-a-couple.html,https://www.thingelstad.com/2018/11/11/185128.html,1218190,2018-11-12,after a couple calls it sounds like ukraine is fine with a passport expiring wit,i might be learning the hard way about flying internationally when your passport,1.00,404,,200,,https://www.thingelstad.com/2018/11/11/185128.html,,confirmed,"old dead, new live, texts match"
80,https://www.thingelstad.com/2018/11/12/i-might-be.html,https://www.thingelstad.com/2018/11/11/185128.html,1218190,2018-11-12,i might be learning the hard way about flying internationally when your passport,i might be learning the hard way about flying internationally when your passport,1.00,404,,200,,https://www.thingelstad.com/2018/11/11/185128.html,,confirmed,"old dead, new live, texts match"
80,https://www.thingelstad.com/2018/11/12/long-international-flight.html,http://micro.thingelstad.com/2018/11/11/long-international-flight.html,791754,2018-11-12,long international flight tomorrow of course you update the firmware on your hea,long international flight tomorrow of course you update the firmware on your hea,1.00,404,,200,https://www.thingelstad.com/2018/11/11/long-international-flight.html,https://www.thingelstad.com/2018/11/11/long-international-flight.html,,confirmed,"old dead, new live, texts match"
80,https://www.thingelstad.com/2018/11/12/wait-the-newest.html,http://micro.thingelstad.com/2018/11/11/wait-the-newest.html,791746,2018-11-12,wait the newest version of apple photos cannot import dng files what the,wait the newest version of apple photos cannot import dng files what the,1.00,404,,200,https://www.thingelstad.com/2018/11/11/wait-the-newest.html,https://www.thingelstad.com/2018/11/11/wait-the-newest.html,,confirmed,"old dead, new live, texts match"
80,https://www.thingelstad.com/2018/11/13/im-finding-myself.html,http://micro.thingelstad.com/2018/11/12/im-finding-myself.html,792077,2018-11-13,i m finding myself frustrated with pure static hosting it adds too much friction,i m finding myself frustrated with pure static hosting it adds too much friction,1.00,404,,200,https://www.thingelstad.com/2018/11/12/im-finding-myself.html,https://www.thingelstad.com/2018/11/12/im-finding-myself.html,,confirmed,"old dead, new live, texts match"
80,https://www.thingelstad.com/2018/11/13/the-new-ipad.html,http://micro.thingelstad.com/2018/11/12/the-new-ipad.html,792049,2018-11-13,the new 12 9 ipad pro with the attached keyboard is a good size for an airline s,the new 12 9 ipad pro with the attached keyboard is a good size for an airline s,1.00,404,,200,https://www.thingelstad.com/2018/11/12/the-new-ipad.html,https://www.thingelstad.com/2018/11/12/the-new-ipad.html,,confirmed,"old dead, new live, texts match"
81,https://www.thingelstad.com/2018/11/16/back-in-minneapolis.html,https://www.thingelstad.com/2018/11/16/050143.html,1220821,2018-11-16,back in minneapolis luggage made it through the short transfer too,not good flight out of kbp is delayed and i now land in ams when my connecting f,1.00,404,,200,,https://www.thingelstad.com/2018/11/16/050143.html,,confirmed,"old dead, new live, texts match"
81,https://www.thingelstad.com/2018/11/16/first-step-we.html,https://www.thingelstad.com/2018/11/16/050143.html,1220821,2018-11-16,first step we have an airplane going to need everything to go perfect along with,not good flight out of kbp is delayed and i now land in ams when my connecting f,1.00,404,,200,,https://www.thingelstad.com/2018/11/16/050143.html,,confirmed,"old dead, new live, texts match"
81,https://www.thingelstad.com/2018/11/16/made-my-ams.html,https://www.thingelstad.com/2018/11/16/050143.html,1220821,2018-11-16,made my ams connection took 17 min to get from e4 through security back to main ,not good flight out of kbp is delayed and i now land in ams when my connecting f,1.00,404,,200,,https://www.thingelstad.com/2018/11/16/050143.html,,confirmed,"old dead, new live, texts match"
81,https://www.thingelstad.com/2018/11/16/not-good-flight.html,https://www.thingelstad.com/2018/11/16/050143.html,1220821,2018-11-16,not good flight out of kbp is delayed and i now land in ams when my connecting f,not good flight out of kbp is delayed and i now land in ams when my connecting f,1.00,404,,200,,https://www.thingelstad.com/2018/11/16/050143.html,,confirmed,"old dead, new live, texts match"
81,https://www.thingelstad.com/2018/11/16/with-international-travel.html,https://www.thingelstad.com/2018/11/16/050143.html,1220821,2018-11-16,with international travel today i m happy to have this weeks weekly thing schedu,not good flight out of kbp is delayed and i now land in ams when my connecting f,1.00,404,,200,,https://www.thingelstad.com/2018/11/16/050143.html,,confirmed,"old dead, new live, texts match"
82,https://www.thingelstad.com/2018/11/28/164812.html,https://www.thingelstad.com/2018/11/28/104016.html,1226374,2018-11-28,the house band thing at aws re invent just doesn t work for me,very fun to see my former dow jones colleague dean del vecchio on stage at aws r,1.00,404,,200,,https://www.thingelstad.com/2018/11/28/104016.html,,confirmed,"old dead, new live, texts match"
82,https://www.thingelstad.com/2018/11/28/amazon-qldb-and.html,https://www.thingelstad.com/2018/11/28/104016.html,1226374,2018-11-28,amazon quantum ledger database and managed blockchain look like good building bl,very fun to see my former dow jones colleague dean del vecchio on stage at aws r,1.00,404,,200,,https://www.thingelstad.com/2018/11/28/104016.html,,confirmed,"old dead, new live, texts match"
82,https://www.thingelstad.com/2018/11/28/announcing-aws-lake.html,https://www.thingelstad.com/2018/11/28/104016.html,1226374,2018-11-28,announcing aws lake formation sounds glacial,very fun to see my former dow jones colleague dean del vecchio on stage at aws r,1.00,404,,200,,https://www.thingelstad.com/2018/11/28/104016.html,,confirmed,"old dead, new live, texts match"
82,https://www.thingelstad.com/2018/11/28/aws-reinvent-house.html,https://www.thingelstad.com/2018/11/28/104016.html,1226374,2018-11-28,aws re invent house band playing blackbird from the beatles went from just being,very fun to see my former dow jones colleague dean del vecchio on stage at aws r,1.00,404,,200,,https://www.thingelstad.com/2018/11/28/104016.html,,confirmed,"old dead, new live, texts match"
82,https://www.thingelstad.com/2018/11/28/very-fun-to.html,https://www.thingelstad.com/2018/11/28/104016.html,1226374,2018-11-28,very fun to see my former dow jones colleague dean del vecchio on stage at aws r,very fun to see my former dow jones colleague dean del vecchio on stage at aws r,1.00,404,,200,,https://www.thingelstad.com/2018/11/28/104016.html,,confirmed,"old dead, new live, texts match"
83,https://www.thingelstad.com/2018/12/02/there-was-a.html,https://www.thingelstad.com/2018/12/02/000000.html,1228057,2018-12-02,there was a lot of very pretty looking snow to deal with this morning,there was a lot of very pretty looking snow to deal with this morning,1.00,404,,200,,https://www.thingelstad.com/2018/12/02/000000.html,,confirmed,"old dead, new live, texts match"
84,https://www.thingelstad.com/2018/12/08/first-half-of.html,https://www.thingelstad.com/2018/12/08/212134.html,1230437,2018-12-08,first half of the new standards holiday show was awesome okee dokee brothers the,first half of the new standards holiday show was awesome okee dokee brothers the,1.00,404,,200,,https://www.thingelstad.com/2018/12/08/212134.html,,confirmed,"old dead, new live, texts match"
84,https://www.thingelstad.com/2018/12/08/the-new-standards.html,https://www.thingelstad.com/2018/12/08/212134.html,1230437,2018-12-08,the new standards brought it home with snow days on the permanent playlist for t,first half of the new standards holiday show was awesome okee dokee brothers the,1.00,404,,200,,https://www.thingelstad.com/2018/12/08/212134.html,,confirmed,"old dead, new live, texts match"
84,https://www.thingelstad.com/2018/12/11/hockey-time-with.html,https://www.thingelstad.com/2018/12/11/192942.html,1231670,2018-12-11,hockey time with amy patton pattonamyj ian redlin and paul birkbeck birkbeck,minnesota wild v montreal canadiens hockey time with amy patton amy patton ian r,0.91,404,,200,,https://www.thingelstad.com/2018/12/11/192942.html,,confirmed,"old dead, new live, texts match"
84,https://www.thingelstad.com/2018/12/11/minnesota-wild-v.html,https://www.thingelstad.com/2018/12/11/192942.html,1231670,2018-12-11,minnesota wild v montreal canadiens,minnesota wild v montreal canadiens hockey time with amy patton amy patton ian r,1.00,404,,200,,https://www.thingelstad.com/2018/12/11/192942.html,,confirmed,"old dead, new live, texts match"
84,https://www.thingelstad.com/2018/12/11/wild-take-lead.html,https://www.thingelstad.com/2018/12/11/192942.html,1231670,2018-12-11,wild take 2 0 lead over montreal,minnesota wild v montreal canadiens hockey time with amy patton amy patton ian r,1.00,404,,200,,https://www.thingelstad.com/2018/12/11/192942.html,,confirmed,"old dead, new live, texts match"
84,https://www.thingelstad.com/2018/12/11/wild-win.html,https://www.thingelstad.com/2018/12/11/192942.html,1231670,2018-12-11,wild win 7 1,minnesota wild v montreal canadiens hockey time with amy patton amy patton ian r,1.00,404,,200,,https://www.thingelstad.com/2018/12/11/192942.html,,confirmed,"old dead, new live, texts match"
89,https://www.thingelstad.com/2019/01/11/internet-service-up.html,https://www.thingelstad.com/2019/01/11/064432.html,1247105,2019-01-11,internet service up and running at the new house,today is moving day internet service up and running at the new house,1.00,404,,200,,https://www.thingelstad.com/2019/01/11/064432.html,,confirmed,"old dead, new live, texts match"
89,https://www.thingelstad.com/2019/01/11/today-is-moving.html,https://www.thingelstad.com/2019/01/11/064432.html,1247105,2019-01-11,today is moving day,today is moving day internet service up and running at the new house,1.00,404,,200,,https://www.thingelstad.com/2019/01/11/064432.html,,confirmed,"old dead, new live, texts match"
91,https://www.thingelstad.com/2019/01/30/fabulous-third-session.html,https://www.thingelstad.com/2019/01/30/tech-summit.html,1274500,2019-01-30,fabulous third session for teamsps tech summit 2019 service team wins all over t,view from the control room as we get ready to start teamsps tech summit 2019 yes,1.00,404,,200,,https://www.thingelstad.com/2019/01/30/tech-summit.html,,confirmed,"old dead, new live, texts match"
91,https://www.thingelstad.com/2019/01/30/great-highlights-from.html,https://www.thingelstad.com/2019/01/30/tech-summit.html,1274500,2019-01-30,great highlights from more teams at teamsps 2019 tech summit security australian,view from the control room as we get ready to start teamsps tech summit 2019 yes,1.00,404,,200,,https://www.thingelstad.com/2019/01/30/tech-summit.html,,confirmed,"old dead, new live, texts match"
91,https://www.thingelstad.com/2019/01/30/great-start-to.html,https://www.thingelstad.com/2019/01/30/tech-summit.html,1274500,2019-01-30,great start to our teamsps 2019 tech summit with sessions from jim frome dan juc,view from the control room as we get ready to start teamsps tech summit 2019 yes,1.00,404,,200,,https://www.thingelstad.com/2019/01/30/tech-summit.html,,confirmed,"old dead, new live, texts match"
91,https://www.thingelstad.com/2019/01/30/hashtags-irl-spstech.html,https://www.thingelstad.com/2019/01/30/tech-summit.html,1274500,2019-01-30,hashtags irl spstech teamsps should have gotten this before the hors d ouevre s ,view from the control room as we get ready to start teamsps tech summit 2019 yes,1.00,404,,200,,https://www.thingelstad.com/2019/01/30/tech-summit.html,,confirmed,"old dead, new live, texts match"
91,https://www.thingelstad.com/2019/01/30/how-do-you.html,https://www.thingelstad.com/2019/01/30/tech-summit.html,1274500,2019-01-30,how do you wrap up the teamsps tech summit for 2019 trivia mafia,view from the control room as we get ready to start teamsps tech summit 2019 yes,1.00,404,,200,,https://www.thingelstad.com/2019/01/30/tech-summit.html,,confirmed,"old dead, new live, texts match"
91,https://www.thingelstad.com/2019/01/30/over-members-of.html,https://www.thingelstad.com/2019/01/30/tech-summit.html,1274500,2019-01-30,over 50 members of teamsps tech shared demos milestones learnings and upcoming p,view from the control room as we get ready to start teamsps tech summit 2019 yes,1.00,404,,200,,https://www.thingelstad.com/2019/01/30/tech-summit.html,,confirmed,"old dead, new live, texts match"
91,https://www.thingelstad.com/2019/01/30/time-to-socialize.html,https://www.thingelstad.com/2019/01/30/tech-summit.html,1274500,2019-01-30,time to socialize and mingle for teamsps tech,view from the control room as we get ready to start teamsps tech summit 2019 yes,1.00,404,,200,,https://www.thingelstad.com/2019/01/30/tech-summit.html,,confirmed,"old dead, new live, texts match"
91,https://www.thingelstad.com/2019/01/30/view-from-the.html,https://www.thingelstad.com/2019/01/30/tech-summit.html,1274500,2019-01-30,view from the control room as we get ready to start teamsps tech summit 2019,view from the control room as we get ready to start teamsps tech summit 2019 yes,1.00,404,,200,,https://www.thingelstad.com/2019/01/30/tech-summit.html,,confirmed,"old dead, new live, texts match"
91,https://www.thingelstad.com/2019/01/30/we-finished-the.html,https://www.thingelstad.com/2019/01/30/tech-summit.html,1274500,2019-01-30,we finished the fourth session of teamsps tech summit 2019 with more service tea,view from the control room as we get ready to start teamsps tech summit 2019 yes,1.00,404,,200,,https://www.thingelstad.com/2019/01/30/tech-summit.html,,confirmed,"old dead, new live, texts match"
91,https://www.thingelstad.com/2019/01/30/worryasaservice-cloud-database.html,https://www.thingelstad.com/2019/01/30/tech-summit.html,1274500,2019-01-30,worry as a service cloud database engineering managing hundreds of distributed d,view from the control room as we get ready to start teamsps tech summit 2019 yes,1.00,404,,200,,https://www.thingelstad.com/2019/01/30/tech-summit.html,,confirmed,"old dead, new live, texts match"
91,https://www.thingelstad.com/2019/01/30/yesterdays-rehearsal-for.html,https://www.thingelstad.com/2019/01/30/tech-summit.html,1274500,2019-01-30,yesterday s rehearsal for teamsps tech summit 2019 excited for a great day bravi,view from the control room as we get ready to start teamsps tech summit 2019 yes,1.00,404,,200,,https://www.thingelstad.com/2019/01/30/tech-summit.html,,confirmed,"old dead, new live, texts match"
92,https://www.thingelstad.com/2019/02/02/kubbchucks-playing-in.html,https://www.thingelstad.com/2019/02/02/120059.html,1408360,2019-02-02,kubbchucks playing in our 8th annual minnesota kubb winter tournament part of th,kubbchucks playing in our 8th annual minnesota kubb winter tournament part of th,1.00,404,,200,,https://www.thingelstad.com/2019/02/02/120059.html,,confirmed,"old dead, new live, texts match"
92,https://www.thingelstad.com/2019/02/02/kubbchucks-went-in.html,https://www.thingelstad.com/2019/02/02/120059.html,1408360,2019-02-02,kubbchucks went 2 1 in this mornings minnesota kubb round robin on to the champi,kubbchucks playing in our 8th annual minnesota kubb winter tournament part of th,1.00,404,,200,,https://www.thingelstad.com/2019/02/02/120059.html,,confirmed,"old dead, new live, texts match"
92,https://www.thingelstad.com/2019/02/02/these-three-kubb.html,https://www.thingelstad.com/2019/02/02/120059.html,1408360,2019-02-02,these three kubb professionals took the kubbchucks down without even flinching b,kubbchucks playing in our 8th annual minnesota kubb winter tournament part of th,1.00,404,,200,,https://www.thingelstad.com/2019/02/02/120059.html,,confirmed,"old dead, new live, texts match"
92,https://www.thingelstad.com/2019/02/02/throw-off-for.html,https://www.thingelstad.com/2019/02/02/120059.html,1408360,2019-02-02,throw off for entry into the minnesota kubb championship bracket intense kubb ac,kubbchucks playing in our 8th annual minnesota kubb winter tournament part of th,1.00,404,,200,,https://www.thingelstad.com/2019/02/02/120059.html,,confirmed,"old dead, new live, texts match"
95,https://www.thingelstad.com/2019/02/25/basketball-teams-always.html,https://www.thingelstad.com/2019/02/25/175123.html,1272522,2019-02-25,basketball teams always have impressive pregame experiences,fun to be courtside watching the timberwolves warmup basketball teams always hav,1.00,404,,200,,https://www.thingelstad.com/2019/02/25/175123.html,,confirmed,"old dead, new live, texts match"
95,https://www.thingelstad.com/2019/02/25/fun-to-be.html,https://www.thingelstad.com/2019/02/25/175123.html,1272522,2019-02-25,fun to be courtside watching the timberwolves warmup,fun to be courtside watching the timberwolves warmup basketball teams always hav,1.00,404,,200,,https://www.thingelstad.com/2019/02/25/175123.html,,confirmed,"old dead, new live, texts match"
95,https://www.thingelstad.com/2019/02/25/timberwolves-v-kings.html,https://www.thingelstad.com/2019/02/25/175123.html,1272522,2019-02-25,timberwolves v kings jump ball,fun to be courtside watching the timberwolves warmup basketball teams always hav,1.00,404,,200,,https://www.thingelstad.com/2019/02/25/175123.html,,confirmed,"old dead, new live, texts match"
95,https://www.thingelstad.com/2019/02/28/at-mhta-tech.html,https://www.thingelstad.com/2019/02/28/mhta-tech-talent.html,1274104,2019-02-28,at mhta tech talent event today participating in panel shortly mike mcnamara cio,at mhta tech talent event today participating in panel shortly mike mcnamara cio,1.00,404,,200,,https://www.thingelstad.com/2019/02/28/mhta-tech-talent.html,,confirmed,"old dead, new live, texts match"
95,https://www.thingelstad.com/2019/02/28/improving-diversity-in.html,https://www.thingelstad.com/2019/02/28/mhta-tech-talent.html,1274104,2019-02-28,improving diversity in tech york solutions genesis10 prime digital academy creat,at mhta tech talent event today participating in panel shortly mike mcnamara cio,1.00,404,,200,,https://www.thingelstad.com/2019/02/28/mhta-tech-talent.html,,confirmed,"old dead, new live, texts match"
95,https://www.thingelstad.com/2019/02/28/it-was-great.html,https://www.thingelstad.com/2019/02/28/mhta-tech-talent.html,1274104,2019-02-28,it was great to be able to share the impressive work we ve done at sps commerce ,at mhta tech talent event today participating in panel shortly mike mcnamara cio,0.97,404,,200,,https://www.thingelstad.com/2019/02/28/mhta-tech-talent.html,,confirmed,"old dead, new live, texts match"
95,https://www.thingelstad.com/2019/02/28/some-very-insightful.html,https://www.thingelstad.com/2019/02/28/mhta-tech-talent.html,1274104,2019-02-28,some very insightful data being shared this morning at mhta tech talent event fr,at mhta tech talent event today participating in panel shortly mike mcnamara cio,1.00,404,,200,,https://www.thingelstad.com/2019/02/28/mhta-tech-talent.html,,confirmed,"old dead, new live, texts match"
96,https://www.thingelstad.com/2019/03/03/minnesota-wild-v.html,https://www.thingelstad.com/2019/03/03/180318.html,1275988,2019-03-03,minnesota wild v nashville predators tonight,time for some minnesota wild hockey olympic gold medalist lindsey vonn dropped t,1.00,404,,200,,https://www.thingelstad.com/2019/03/03/180318.html,,confirmed,"old dead, new live, texts match"
96,https://www.thingelstad.com/2019/03/03/olympic-gold-medalist.html,https://www.thingelstad.com/2019/03/03/180318.html,1275988,2019-03-03,olympic gold medalist lindsey vonn dropped the game puck at tonight s wild game,time for some minnesota wild hockey olympic gold medalist lindsey vonn dropped t,1.00,404,,200,,https://www.thingelstad.com/2019/03/03/180318.html,,confirmed,"old dead, new live, texts match"
96,https://www.thingelstad.com/2019/03/03/time-for-some.html,https://www.thingelstad.com/2019/03/03/180318.html,1275988,2019-03-03,time for some minnesota wild hockey,time for some minnesota wild hockey olympic gold medalist lindsey vonn dropped t,1.00,404,,200,,https://www.thingelstad.com/2019/03/03/180318.html,,confirmed,"old dead, new live, texts match"
96,https://www.thingelstad.com/2019/03/03/tyler-had-a.html,https://www.thingelstad.com/2019/03/03/180318.html,1275988,2019-03-03,tyler had a game puck land softly right in his lap at tonight s wild game,time for some minnesota wild hockey olympic gold medalist lindsey vonn dropped t,1.00,404,,200,,https://www.thingelstad.com/2019/03/03/180318.html,,confirmed,"old dead, new live, texts match"
96,https://www.thingelstad.com/2019/03/03/we-got-to.html,https://www.thingelstad.com/2019/03/03/180318.html,1275988,2019-03-03,we got to see some 3 3 ot hockey along with a shootout only way it could have be,time for some minnesota wild hockey olympic gold medalist lindsey vonn dropped t,1.00,404,,200,,https://www.thingelstad.com/2019/03/03/180318.html,,confirmed,"old dead, new live, texts match"
98,https://www.thingelstad.com/2019/03/21/melbourne-cricket-grounds.html,https://www.thingelstad.com/2019/03/21/042204.html,1286900,2019-03-21,melbourne cricket grounds at night,taking in my first game of afl footy at melbourne cricket ground richmond 7 8 50,1.00,404,,200,,https://www.thingelstad.com/2019/03/21/042204.html,,confirmed,"old dead, new live, texts match"
98,https://www.thingelstad.com/2019/03/21/richmond-beats-carlton.html,https://www.thingelstad.com/2019/03/21/042204.html,1286900,2019-03-21,richmond 14 13 97 beats carlton 9 10 64 great game footy fan now,taking in my first game of afl footy at melbourne cricket ground richmond 7 8 50,1.00,404,,200,,https://www.thingelstad.com/2019/03/21/042204.html,,confirmed,"old dead, new live, texts match"
98,https://www.thingelstad.com/2019/03/21/richmond-over-carlton.html,https://www.thingelstad.com/2019/03/21/042204.html,1286900,2019-03-21,richmond 7 8 50 over carlton 4 4 28 at half starting to understand footy fun fas,taking in my first game of afl footy at melbourne cricket ground richmond 7 8 50,1.00,404,,200,,https://www.thingelstad.com/2019/03/21/042204.html,,confirmed,"old dead, new live, texts match"
98,https://www.thingelstad.com/2019/03/21/taking-in-my.html,https://www.thingelstad.com/2019/03/21/042204.html,1286900,2019-03-21,taking in my first game of afl footy at melbourne cricket ground,taking in my first game of afl footy at melbourne cricket ground richmond 7 8 50,1.00,404,,200,,https://www.thingelstad.com/2019/03/21/042204.html,,confirmed,"old dead, new live, texts match"
100,https://www.thingelstad.com/2019/04/03/franklin-bbq-was.html,https://www.thingelstad.com/2019/04/03/104013.html,1296393,2019-04-03,franklin bbq was amazing today the brisket was the best i ve ever had by a bunch,full fanboy mode waiting in line for 2 hours at franklin bbq brisket ribs and sa,0.93,404,,200,,https://www.thingelstad.com/2019/04/03/104013.html,,confirmed,"old dead, new live, texts match"
100,https://www.thingelstad.com/2019/04/03/full-fanboy-mode.html,https://www.thingelstad.com/2019/04/03/104013.html,1296393,2019-04-03,full fanboy mode waiting in line at franklin bbq brisket ribs and sausage on the,full fanboy mode waiting in line for 2 hours at franklin bbq brisket ribs and sa,0.89,404,,200,,https://www.thingelstad.com/2019/04/03/104013.html,,confirmed,"old dead, but the texts differ; Jamie approved 2026-10-01 (hashtags/mentions dropped in micro.blog merge)"
102,https://www.thingelstad.com/2019/04/13/family-selfie-from.html,https://www.thingelstad.com/2019/04/13/mn-united-home.html,1304028,2019-04-13,family selfie from mnufc historic home opener in allianz field 3 2 at halftime,so excited to be here right now for the minnesota united home opener in the gorg,1.00,404,,200,,https://www.thingelstad.com/2019/04/13/mn-united-home.html,,confirmed,"old dead, new live, texts match"
102,https://www.thingelstad.com/2019/04/13/got-to-watch.html,https://www.thingelstad.com/2019/04/13/212938.html,1304029,2019-04-13,got to watch the space x arabsat 6a launch from two days ago still amazes me wat,got to watch the space x arabsat 6a launch from two days ago still amazes me wat,1.00,404,,200,,https://www.thingelstad.com/2019/04/13/212938.html,,confirmed,"old dead, new live, texts match"
102,https://www.thingelstad.com/2019/04/13/hard-fought-mnufc.html,https://www.thingelstad.com/2019/04/13/mn-united-home.html,1304028,2019-04-13,hard fought mnufc match against nycfc ended in a 3 3 draw fabulous experience at,so excited to be here right now for the minnesota united home opener in the gorg,1.00,404,,200,,https://www.thingelstad.com/2019/04/13/mn-united-home.html,,confirmed,"old dead, new live, texts match"
102,https://www.thingelstad.com/2019/04/13/so-excited-to.html,https://www.thingelstad.com/2019/04/13/mn-united-home.html,1304028,2019-04-13,so excited to be here right now for the minnesota united home opener in the gorg,so excited to be here right now for the minnesota united home opener in the gorg,1.00,404,,200,,https://www.thingelstad.com/2019/04/13/mn-united-home.html,,confirmed,"old dead, new live, texts match"
102,https://www.thingelstad.com/2019/04/13/that-puts-a.html,https://www.thingelstad.com/2019/04/13/212938.html,1304029,2019-04-13,that puts a capper in what s been a completely nominal day here at space x that ,got to watch the space x arabsat 6a launch from two days ago still amazes me wat,1.00,404,,200,,https://www.thingelstad.com/2019/04/13/212938.html,,confirmed,"old dead, new live, texts match"
102,https://www.thingelstad.com/2019/04/13/they-water-the.html,https://www.thingelstad.com/2019/04/13/mn-united-home.html,1304028,2019-04-13,they water the grass at halftime at allianz field,so excited to be here right now for the minnesota united home opener in the gorg,1.00,404,,200,,https://www.thingelstad.com/2019/04/13/mn-united-home.html,,confirmed,"old dead, new live, texts match"
102,https://www.thingelstad.com/2019/04/13/var-serves-justice.html,https://www.thingelstad.com/2019/04/13/mn-united-home.html,1304028,2019-04-13,var serves justice for mnufc 3 2 still,so excited to be here right now for the minnesota united home opener in the gorg,1.00,404,,200,,https://www.thingelstad.com/2019/04/13/mn-united-home.html,,confirmed,"old dead, new live, texts match"
102,https://www.thingelstad.com/2019/04/13/want-to-hear.html,https://www.thingelstad.com/2019/04/13/mn-united-home.html,1304028,2019-04-13,want to hear wonderwall c mon united mnufc 3 3,so excited to be here right now for the minnesota united home opener in the gorg,1.00,404,,200,,https://www.thingelstad.com/2019/04/13/mn-united-home.html,,confirmed,"old dead, new live, texts match"
102,https://www.thingelstad.com/2019/04/17/excited-to-be.html,https://www.thingelstad.com/2019/04/17/minnesota-aspirations-in.html,1305085,2019-04-17,excited to be at the 2019 minnesota aspirations in computing awards honoring ama,excited to be at the 2019 minnesota aspirations in computing awards honoring ama,1.00,404,,200,,https://www.thingelstad.com/2019/04/17/minnesota-aspirations-in.html,,confirmed,"old dead, new live, texts match"
102,https://www.thingelstad.com/2019/04/17/fun-and-inspiring.html,https://www.thingelstad.com/2019/04/17/minnesota-aspirations-in.html,1305085,2019-04-17,fun and inspiring keynote at minnesota aspirations in computing awards from amy ,excited to be at the 2019 minnesota aspirations in computing awards honoring ama,1.00,404,,200,,https://www.thingelstad.com/2019/04/17/minnesota-aspirations-in.html,,confirmed,"old dead, new live, texts match"
102,https://www.thingelstad.com/2019/04/17/the-minnesota-aspirations.html,https://www.thingelstad.com/2019/04/17/minnesota-aspirations-in.html,1305085,2019-04-17,the 2019 minnesota aspirations in computing awards honorees tonight were very im,excited to be at the 2019 minnesota aspirations in computing awards honoring ama,1.00,404,,200,,https://www.thingelstad.com/2019/04/17/minnesota-aspirations-in.html,,confirmed,"old dead, new live, texts match"
103,https://www.thingelstad.com/2019/04/20/first-run-on.html,https://www.thingelstad.com/2019/04/20/112335.html,1308579,2019-04-20,first run on the flat top was a success but will definitely require a few runs t,ready to do some flat top grilling first run on the flat top was a success but w,1.00,404,,200,,https://www.thingelstad.com/2019/04/20/112335.html,,confirmed,"old dead, new live, texts match"
103,https://www.thingelstad.com/2019/04/20/ready-to-do.html,https://www.thingelstad.com/2019/04/20/112335.html,1308579,2019-04-20,ready to do some flat top grilling,ready to do some flat top grilling first run on the flat top was a success but w,1.00,404,,200,,https://www.thingelstad.com/2019/04/20/112335.html,,confirmed,"old dead, new live, texts match"
104,https://www.thingelstad.com/2019/04/27/good-open-session.html,https://www.thingelstad.com/2019/04/27/minnebar.html,1182818,2019-04-27,good open session on product management with adrienne peirce shawn heller and je,minnebar 14 kicking off looking forward to learning a ton again this year this e,1.00,404,,200,,https://www.thingelstad.com/2019/04/27/minnebar.html,,confirmed,"old dead, new live, texts match"
104,https://www.thingelstad.com/2019/04/27/good-session-at.html,https://www.thingelstad.com/2019/04/27/minnebar.html,1182818,2019-04-27,good session 0 at minnebar 14 with a wake up call from sharon kennedy vickers on,minnebar 14 kicking off looking forward to learning a ton again this year this e,1.00,404,,200,,https://www.thingelstad.com/2019/04/27/minnebar.html,,confirmed,"old dead, new live, texts match"
104,https://www.thingelstad.com/2019/04/27/great-energy-going.html,https://www.thingelstad.com/2019/04/27/minnebar.html,1182818,2019-04-27,great energy going into session 0 at minnebar 14 record registrations minnebar,minnebar 14 kicking off looking forward to learning a ton again this year this e,1.00,404,,200,,https://www.thingelstad.com/2019/04/27/minnebar.html,,confirmed,"old dead, new live, texts match"
104,https://www.thingelstad.com/2019/04/27/minnebar-kicking-off.html,https://www.thingelstad.com/2019/04/27/minnebar.html,1182818,2019-04-27,minnebar 14 kicking off looking forward to learning a ton again this year this e,minnebar 14 kicking off looking forward to learning a ton again this year this e,1.00,404,,200,,https://www.thingelstad.com/2019/04/27/minnebar.html,,confirmed,"old dead, new live, texts match"
104,https://www.thingelstad.com/2019/04/27/we-have-a.html,https://www.thingelstad.com/2019/04/27/minnebar.html,1182818,2019-04-27,we have a growing thriving technology community in the twin cities and minnebar ,minnebar 14 kicking off looking forward to learning a ton again this year this e,1.00,404,,200,,https://www.thingelstad.com/2019/04/27/minnebar.html,,confirmed,"old dead, new live, texts match"
105,https://www.thingelstad.com/2019/05/04/seconds-before-minnesota.html,https://www.thingelstad.com/2019/05/04/191509.html,1316384,2019-05-04,seconds before minnesota united goal 1 0 mnufc,seconds before minnesota united goal 1 0,0.88,404,,200,,https://www.thingelstad.com/2019/05/04/191509.html,,confirmed,"old dead, but the texts differ; Jamie approved 2026-10-01 (hashtags/mentions dropped in micro.blog merge)"
105,https://www.thingelstad.com/2019/05/09/a-huge-thank.html,https://www.thingelstad.com/2019/05/09/080643.html,1318870,2019-05-09,a huge thank you to the amazing organizers of tech jam 2019 community events can,today is teamsps techjam 2019 where we collect as a community to share and learn,0.90,404,,200,,https://www.thingelstad.com/2019/05/09/080643.html,,confirmed,"old dead, new live, texts match"
105,https://www.thingelstad.com/2019/05/09/awesome-that-we.html,https://www.thingelstad.com/2019/05/09/080643.html,1318870,2019-05-09,awesome that we have presenters at tech jam from minneapolis kiev toronto and ne,today is teamsps techjam 2019 where we collect as a community to share and learn,0.80,404,,200,,https://www.thingelstad.com/2019/05/09/080643.html,,confirmed,"old dead, but the texts differ; Jamie approved 2026-10-01 (hashtags/mentions dropped in micro.blog merge)"
105,https://www.thingelstad.com/2019/05/09/break-time-hacky.html,https://www.thingelstad.com/2019/05/09/080643.html,1318870,2019-05-09,break time hacky sack great way to stretch between sessions teamsps spstechjam,today is teamsps techjam 2019 where we collect as a community to share and learn,0.92,404,,200,,https://www.thingelstad.com/2019/05/09/080643.html,,confirmed,"old dead, new live, texts match"
105,https://www.thingelstad.com/2019/05/09/great-talks-at.html,https://www.thingelstad.com/2019/05/09/080643.html,1318870,2019-05-09,great talks at tech jam 2019 and incredible breadth how about a lightning talk o,today is teamsps techjam 2019 where we collect as a community to share and learn,0.84,404,,200,,https://www.thingelstad.com/2019/05/09/080643.html,,confirmed,"old dead, but the texts differ; Jamie approved 2026-10-01 (hashtags/mentions dropped in micro.blog merge)"
105,https://www.thingelstad.com/2019/05/09/i-love-the.html,https://www.thingelstad.com/2019/05/09/080643.html,1318870,2019-05-09,i love the creativity that our team puts into our teamsps activities and i just ,today is teamsps techjam 2019 where we collect as a community to share and learn,0.88,404,,200,,https://www.thingelstad.com/2019/05/09/080643.html,,confirmed,"old dead, but the texts differ; Jamie approved 2026-10-01 (hashtags/mentions dropped in micro.blog merge)"
105,https://www.thingelstad.com/2019/05/09/inspiring-keynote-from.html,https://www.thingelstad.com/2019/05/09/080643.html,1318870,2019-05-09,inspiring keynote from chris williams of badass agile at tech jam 2019 good way ,today is teamsps techjam 2019 where we collect as a community to share and learn,0.86,404,,200,,https://www.thingelstad.com/2019/05/09/080643.html,,confirmed,"old dead, but the texts differ; Jamie approved 2026-10-01 (hashtags/mentions dropped in micro.blog merge)"
105,https://www.thingelstad.com/2019/05/09/one-of-these.html,https://www.thingelstad.com/2019/05/09/080643.html,1318870,2019-05-09,one of these cords isn t working right thad making it all work for teamsps spste,today is teamsps techjam 2019 where we collect as a community to share and learn,0.94,404,,200,,https://www.thingelstad.com/2019/05/09/080643.html,,confirmed,"old dead, new live, texts match"
105,https://www.thingelstad.com/2019/05/09/today-is-teamsps.html,https://www.thingelstad.com/2019/05/09/080643.html,1318870,2019-05-09,today is teamsps tech jam 2019 where we collect as a community to share and lear,today is teamsps techjam 2019 where we collect as a community to share and learn,0.91,404,,200,,https://www.thingelstad.com/2019/05/09/080643.html,,confirmed,"old dead, new live, texts match"
107,https://www.thingelstad.com/2019/05/18/awesome-goal-from.html,https://www.thingelstad.com/2019/05/18/095101.html,1324766,2019-05-18,awesome goal from david alaba to take bayern ahead 2 1 and then renato sanches t,awesome goal from david alaba to take bayern ahead 2 1 and then renato sanches t,1.00,404,,200,,https://www.thingelstad.com/2019/05/18/095101.html,,confirmed,"old dead, new live, texts match"
107,https://www.thingelstad.com/2019/05/18/goals-from-franck.html,https://www.thingelstad.com/2019/05/18/095101.html,1324766,2019-05-18,goals from franck ribery and arjen robben in today s bayern game their final and,awesome goal from david alaba to take bayern ahead 2 1 and then renato sanches t,1.00,404,,200,,https://www.thingelstad.com/2019/05/18/095101.html,,confirmed,"old dead, new live, texts match"
108,https://www.thingelstad.com/2019/05/25/cue-wonderwall-loons.html,https://www.thingelstad.com/2019/05/25/minnesota-united-v.html,1182817,2019-05-25,cue wonderwall loons win 1 0 mnufc minvhou,kickoff for minnesota united v houston dynamos minnesota united celebrating goal,0.75,404,,200,,https://www.thingelstad.com/2019/05/25/minnesota-united-v.html,,confirmed,"old dead, but the texts differ; Jamie approved 2026-10-01 (hashtags/mentions dropped in micro.blog merge)"
108,https://www.thingelstad.com/2019/05/25/darwin-quintero-getting.html,https://www.thingelstad.com/2019/05/25/minnesota-united-v.html,1182817,2019-05-25,darwin quintero getting a concussion check all good minvhou mnufc,kickoff for minnesota united v houston dynamos minnesota united celebrating goal,0.80,404,,200,,https://www.thingelstad.com/2019/05/25/minnesota-united-v.html,,confirmed,"old dead, but the texts differ; Jamie approved 2026-10-01 (hashtags/mentions dropped in micro.blog merge)"
108,https://www.thingelstad.com/2019/05/25/ground-crew-out.html,https://www.thingelstad.com/2019/05/25/minnesota-united-v.html,1182817,2019-05-25,ground crew out giving allianz field some tlc minvhou mnufc,kickoff for minnesota united v houston dynamos minnesota united celebrating goal,0.80,404,,200,,https://www.thingelstad.com/2019/05/25/minnesota-united-v.html,,confirmed,"old dead, but the texts differ; Jamie approved 2026-10-01 (hashtags/mentions dropped in micro.blog merge)"
108,https://www.thingelstad.com/2019/05/25/kickoff-for-minnesota.html,https://www.thingelstad.com/2019/05/25/minnesota-united-v.html,1182817,2019-05-25,kickoff for minnesota united v houston dynamos minvhou mnufc,kickoff for minnesota united v houston dynamos minnesota united celebrating goal,0.78,404,,200,,https://www.thingelstad.com/2019/05/25/minnesota-united-v.html,,confirmed,"old dead, but the texts differ; Jamie approved 2026-10-01 (hashtags/mentions dropped in micro.blog merge)"
108,https://www.thingelstad.com/2019/05/25/minnesota-united-celebrating.html,https://www.thingelstad.com/2019/05/25/minnesota-united-v.html,1182817,2019-05-25,minnesota united celebrating goal against houston 1 0 minvhou mnufc,kickoff for minnesota united v houston dynamos minnesota united celebrating goal,0.80,404,,200,,https://www.thingelstad.com/2019/05/25/minnesota-united-v.html,,confirmed,"old dead, but the texts differ; Jamie approved 2026-10-01 (hashtags/mentions dropped in micro.blog merge)"
110,https://www.thingelstad.com/2019/06/11/great-night-for.html,https://www.thingelstad.com/2019/06/11/202657.html,1342480,2019-06-11,great night for some minnesota twins baseball,great night for some minnesota twins baseball great night of baseball with teams,1.00,404,,200,,https://www.thingelstad.com/2019/06/11/202657.html,,confirmed,"old dead, new live, texts match"
110,https://www.thingelstad.com/2019/06/11/our-teamsps-members.html,https://www.thingelstad.com/2019/06/11/202657.html,1342480,2019-06-11,our teamsps members from ukraine and australia getting in the twins spirit,great night for some minnesota twins baseball great night of baseball with teams,1.00,404,,200,,https://www.thingelstad.com/2019/06/11/202657.html,,confirmed,"old dead, new live, texts match"
110,https://www.thingelstad.com/2019/06/11/out-for-a.html,https://www.thingelstad.com/2019/06/11/202657.html,1342480,2019-06-11,out for a great night of baseball with teamsps tech managers,great night for some minnesota twins baseball great night of baseball with teams,0.82,404,,200,,https://www.thingelstad.com/2019/06/11/202657.html,,confirmed,"old dead, but the texts differ; Jamie approved 2026-10-01 (hashtags/mentions dropped in micro.blog merge)"
111,https://www.thingelstad.com/2019/06/18/204409.html,https://www.thingelstad.com/2019/06/18/concacaf-gold-cup.html,1182816,2019-06-18,tyler and i are ready to cheer for team usa v guyana concacaf gold cup,tyler and i are super excited for tonight s concacaf gold cup matches at allianz,1.00,404,,200,,https://www.thingelstad.com/2019/06/18/concacaf-gold-cup.html,,confirmed,"old dead, new live, texts match"
111,https://www.thingelstad.com/2019/06/18/goal-usa-takes.html,https://www.thingelstad.com/2019/06/18/concacaf-gold-cup.html,1182816,2019-06-18,goal usa takes 1 0 lead v guyana concacaf gold cup,tyler and i are super excited for tonight s concacaf gold cup matches at allianz,1.00,404,,200,,https://www.thingelstad.com/2019/06/18/concacaf-gold-cup.html,,confirmed,"old dead, new live, texts match"
111,https://www.thingelstad.com/2019/06/18/ready-for-the.html,https://www.thingelstad.com/2019/06/18/concacaf-gold-cup.html,1182816,2019-06-18,ready for the usa v guyana concacaf gold cup match,tyler and i are super excited for tonight s concacaf gold cup matches at allianz,1.00,404,,200,,https://www.thingelstad.com/2019/06/18/concacaf-gold-cup.html,,confirmed,"old dead, new live, texts match"
111,https://www.thingelstad.com/2019/06/18/time-to-water.html,https://www.thingelstad.com/2019/06/18/concacaf-gold-cup.html,1182816,2019-06-18,time to water the grass at allianz field,tyler and i are super excited for tonight s concacaf gold cup matches at allianz,1.00,404,,200,,https://www.thingelstad.com/2019/06/18/concacaf-gold-cup.html,,confirmed,"old dead, new live, texts match"
111,https://www.thingelstad.com/2019/06/18/tyler-and-i.html,https://www.thingelstad.com/2019/06/18/concacaf-gold-cup.html,1182816,2019-06-18,tyler and i are super excited for tonight s concacaf gold cup matches at allianz,tyler and i are super excited for tonight s concacaf gold cup matches at allianz,1.00,404,,200,,https://www.thingelstad.com/2019/06/18/concacaf-gold-cup.html,,confirmed,"old dead, new live, texts match"
114,https://www.thingelstad.com/2019/08/18/deer-selfie.html,https://micro.thingelstad.com/2019/08/18/visiting-fawndoerosa.html,920928,2019-08-18,deer selfie,visiting fawn doe rosa deer selfie heading west,1.00,404,,200,https://www.thingelstad.com/2019/08/18/visiting-fawndoerosa.html,https://www.thingelstad.com/2019/08/18/visiting-fawndoerosa.html,,confirmed,"old dead, new live, texts match"
114,https://www.thingelstad.com/2019/08/18/heading-west-at.html,https://micro.thingelstad.com/2019/08/18/visiting-fawndoerosa.html,920928,2019-08-18,heading west at fawn doe rosa,visiting fawn doe rosa deer selfie heading west,0.83,404,,200,https://www.thingelstad.com/2019/08/18/visiting-fawndoerosa.html,https://www.thingelstad.com/2019/08/18/visiting-fawndoerosa.html,,confirmed,"old dead, but the texts differ; Jamie approved 2026-10-01 (hashtags/mentions dropped in micro.blog merge)"
114,https://www.thingelstad.com/2019/08/22/after-the-round.html,https://www.thingelstad.com/2019/08/22/teamsps-kubb-tournament.html,1182811,2019-08-22,after the round robin our teamsps kubb groups split into brackets with a winner ,we had a great time with our 2019 teamsps kubb tournament today we had 20 teams ,1.00,404,,200,,https://www.thingelstad.com/2019/08/22/teamsps-kubb-tournament.html,,confirmed,"old dead, new live, texts match"
114,https://www.thingelstad.com/2019/08/22/after-the-teamsps.html,https://www.thingelstad.com/2019/08/22/teamsps-kubb-tournament.html,1182811,2019-08-22,after the 2019 teamsps kubb tournament a bunch of folks hung out and played you ,we had a great time with our 2019 teamsps kubb tournament today we had 20 teams ,1.00,404,,200,,https://www.thingelstad.com/2019/08/22/teamsps-kubb-tournament.html,,confirmed,"old dead, new live, texts match"
114,https://www.thingelstad.com/2019/08/22/we-had-a.html,https://www.thingelstad.com/2019/08/22/teamsps-kubb-tournament.html,1182811,2019-08-22,we had a great time with our 2019 teamsps kubb tournament today we had 20 teams ,we had a great time with our 2019 teamsps kubb tournament today we had 20 teams ,1.00,404,,200,,https://www.thingelstad.com/2019/08/22/teamsps-kubb-tournament.html,,confirmed,"old dead, new live, texts match"
115,https://www.thingelstad.com/2019/08/25/having-dinner-with.html,https://micro.thingelstad.com/2019/08/25/enjoying-northfield-shares.html,924060,2019-08-25,having dinner with the city of northfield thanks to northfield shares a dinner,having dinner with the city of northfield thanks to northfield shares a dinner t,1.00,404,,200,https://www.thingelstad.com/2019/08/25/enjoying-northfield-shares.html,https://www.thingelstad.com/2019/08/25/enjoying-northfield-shares.html,,confirmed,"old dead, new live, texts match"
115,https://www.thingelstad.com/2019/08/25/thank-you-to.html,https://micro.thingelstad.com/2019/08/25/enjoying-northfield-shares.html,924060,2019-08-25,thank you to all the organizations making northfield shares a dinner happen,having dinner with the city of northfield thanks to northfield shares a dinner t,1.00,404,,200,https://www.thingelstad.com/2019/08/25/enjoying-northfield-shares.html,https://www.thingelstad.com/2019/08/25/enjoying-northfield-shares.html,,confirmed,"old dead, new live, texts match"
116,https://www.thingelstad.com/2019/09/01/brandi-carlile-put.html,https://www.thingelstad.com/2019/09/01/brandi-carlile-at.html,1173009,2019-09-01,brandi carlile put on an amazing show at the minnesota state fair tonight,brandi carlile put on an amazing show at the minnesota state fair tonight there ,1.00,404,,200,,https://www.thingelstad.com/2019/09/01/brandi-carlile-at.html,,confirmed,"old dead, new live, texts match"
116,https://www.thingelstad.com/2019/09/01/there-were-figurative.html,https://www.thingelstad.com/2019/09/01/brandi-carlile-at.html,1173009,2019-09-01,there were figurative and literal fireworks going off at tonight s brandi carlil,brandi carlile put on an amazing show at the minnesota state fair tonight there ,0.96,404,,200,,https://www.thingelstad.com/2019/09/01/brandi-carlile-at.html,,confirmed,"old dead, new live, texts match"
118,https://www.thingelstad.com/2019/09/15/great-first-half.html,https://www.thingelstad.com/2019/09/15/mn-united-v.html,1180434,2019-09-15,great first half for mn united v real salt lake 1 1 looking forward to shade in ,great first half for mn united v real salt lake 1 1 looking forward to shade in ,0.95,404,,200,,https://www.thingelstad.com/2019/09/15/mn-united-v.html,,confirmed,"old dead, new live, texts match"
118,https://www.thingelstad.com/2019/09/15/great-mn-united.html,https://www.thingelstad.com/2019/09/15/mn-united-v.html,1180434,2019-09-15,great mn united 2nd half with goals from quintero and finlay 3 1 mnufc minvrsl,great first half for mn united v real salt lake 1 1 looking forward to shade in ,0.93,404,,200,,https://www.thingelstad.com/2019/09/15/mn-united-v.html,,confirmed,"old dead, new live, texts match"
118,https://www.thingelstad.com/2019/09/15/three-minutes-stoppage.html,https://www.thingelstad.com/2019/09/15/mn-united-v.html,1180434,2019-09-15,three minutes stoppage time mn united leading 3 1 cue wonderwall mnufc minvrsl,great first half for mn united v real salt lake 1 1 looking forward to shade in ,0.92,404,,200,,https://www.thingelstad.com/2019/09/15/mn-united-v.html,,confirmed,"old dead, new live, texts match"
119,https://www.thingelstad.com/2019/09/21/harry-kanes-goal.html,https://www.thingelstad.com/2019/09/21/saturday-morning-soccer.html,1182809,2019-09-21,harry kane s goal while falling this morning was amazing brilliant go spurs 1 0 ,harry kane s goal while falling this morning was amazing brilliant go spurs 1 0 ,0.88,404,,200,,https://www.thingelstad.com/2019/09/21/saturday-morning-soccer.html,,confirmed,"old dead, but the texts differ; Jamie approved 2026-10-01 (hashtags/mentions dropped in micro.blog merge)"
119,https://www.thingelstad.com/2019/09/21/premier-league-var.html,https://www.thingelstad.com/2019/09/21/saturday-morning-soccer.html,1182809,2019-09-21,premier league var rulings for offsides seem impossible for players it s impossi,harry kane s goal while falling this morning was amazing brilliant go spurs 1 0 ,1.00,404,,200,,https://www.thingelstad.com/2019/09/21/saturday-morning-soccer.html,,confirmed,"old dead, new live, texts match"
119,https://www.thingelstad.com/2019/09/21/tough-loss-for.html,https://www.thingelstad.com/2019/09/21/saturday-morning-soccer.html,1182809,2019-09-21,tough loss for spurs this morning to leicester city 1 2 ugh lcvtot now time for ,harry kane s goal while falling this morning was amazing brilliant go spurs 1 0 ,0.94,404,,200,,https://www.thingelstad.com/2019/09/21/saturday-morning-soccer.html,,confirmed,"old dead, new live, texts match"
119,https://www.thingelstad.com/2019/09/25/amazing-come-from.html,https://www.thingelstad.com/2019/09/25/mn-united-v.html,1182810,2019-09-25,amazing come from behind win from mn united tonight to beat sporting kc and clin,first half of mn united v sporting kc was tough to watch united need to come out,0.91,404,,200,,https://www.thingelstad.com/2019/09/25/mn-united-v.html,,confirmed,"old dead, new live, texts match"
119,https://www.thingelstad.com/2019/09/25/first-half-of.html,https://www.thingelstad.com/2019/09/25/mn-united-v.html,1182810,2019-09-25,first half of mn united v sporting kc was tough to watch united need to come out,first half of mn united v sporting kc was tough to watch united need to come out,0.90,404,,200,,https://www.thingelstad.com/2019/09/25/mn-united-v.html,,confirmed,"old dead, new live, texts match"
121,https://www.thingelstad.com/2019/10/07/cruz-youre-our.html,https://www.thingelstad.com/2019/10/07/233918.html,1199995,2019-10-07,cruz you re our only hope,time for some baseball kepler we need this cruz you re our only hope,1.00,404,,200,,https://www.thingelstad.com/2019/10/07/233918.html,,confirmed,"old dead, new live, texts match"
121,https://www.thingelstad.com/2019/10/07/kepler-we-need.html,https://www.thingelstad.com/2019/10/07/233918.html,1199995,2019-10-07,kepler we need this,time for some baseball kepler we need this cruz you re our only hope,1.00,404,,200,,https://www.thingelstad.com/2019/10/07/233918.html,,confirmed,"old dead, new live, texts match"
121,https://www.thingelstad.com/2019/10/07/time-for-some.html,https://www.thingelstad.com/2019/10/07/233918.html,1199995,2019-10-07,time for some baseball,time for some baseball kepler we need this cruz you re our only hope,1.00,404,,200,,https://www.thingelstad.com/2019/10/07/233918.html,,confirmed,"old dead, new live, texts match"
121,https://www.thingelstad.com/2019/10/08/attending-the-premier.html,https://www.thingelstad.com/2019/10/08/151356.html,1200265,2019-10-08,attending the premier of solid state minnesota s high tech history hosted by mht,attending the premier of solid state minnesota s high tech history hosted by mht,1.00,404,,200,,https://www.thingelstad.com/2019/10/08/151356.html,,confirmed,"old dead, new live, texts match"
121,https://www.thingelstad.com/2019/10/08/good-panel-conversation.html,https://www.thingelstad.com/2019/10/08/151356.html,1200265,2019-10-08,good panel conversation following screening of solid state,attending the premier of solid state minnesota s high tech history hosted by mht,1.00,404,,200,,https://www.thingelstad.com/2019/10/08/151356.html,,confirmed,"old dead, new live, texts match"
123,https://www.thingelstad.com/2019/10/22/mazie-got-to.html,https://www.thingelstad.com/2019/10/22/232825.html,1207350,2019-10-22,mazie got to go on stage and dance and sing with michael franti tonight,my mom sister and all of us went to the michael franti show tonight amazing show,0.92,404,,200,,https://www.thingelstad.com/2019/10/22/232825.html,,confirmed,"old dead, new live, texts match"
123,https://www.thingelstad.com/2019/10/22/michael-franti-was.html,https://www.thingelstad.com/2019/10/22/232825.html,1207350,2019-10-22,michael franti was amazing tonight his music is so inspirational and uplifting i,my mom sister and all of us went to the michael franti show tonight amazing show,1.00,404,,200,,https://www.thingelstad.com/2019/10/22/232825.html,,confirmed,"old dead, new live, texts match"
123,https://www.thingelstad.com/2019/10/22/my-mom-sister.html,https://www.thingelstad.com/2019/10/22/232825.html,1207350,2019-10-22,my mom sister and our family all went to the michael franti show tonight amazing,my mom sister and all of us went to the michael franti show tonight amazing show,0.87,404,,200,,https://www.thingelstad.com/2019/10/22/232825.html,,confirmed,"old dead, but the texts differ; Jamie approved 2026-10-01 (hashtags/mentions dropped in micro.blog merge)"
124,https://www.thingelstad.com/2019/10/25/at-the-music.html,https://www.thingelstad.com/2019/10/25/203647.html,1208551,2019-10-25,at the music space of owatonna for matt wilson his orchestra in the event of the,at the music space of owatonna for matt wilson his orchestra in the event of the,1.00,404,,200,,https://www.thingelstad.com/2019/10/25/203647.html,,confirmed,"old dead, new live, texts match"
124,https://www.thingelstad.com/2019/10/25/matt-wilson-finished.html,https://www.thingelstad.com/2019/10/25/203647.html,1208551,2019-10-25,matt wilson finished up with an always great rendition of snow day,at the music space of owatonna for matt wilson his orchestra in the event of the,1.00,404,,200,,https://www.thingelstad.com/2019/10/25/203647.html,,confirmed,"old dead, new live, texts match"
124,https://www.thingelstad.com/2019/10/27/preparing-the-lead.html,https://www.thingelstad.com/2019/10/27/preparing-the-leaf.html,1209428,2019-10-27,preparing the leaf pile,preparing the leaf pile twenty six bags,1.00,404,,200,,https://www.thingelstad.com/2019/10/27/preparing-the-leaf.html,,confirmed,"old dead, new live, texts match"
124,https://www.thingelstad.com/2019/10/27/twenty-six-bags.html,https://www.thingelstad.com/2019/10/27/preparing-the-leaf.html,1209428,2019-10-27,twenty six bags,preparing the leaf pile twenty six bags,1.00,404,,200,,https://www.thingelstad.com/2019/10/27/preparing-the-leaf.html,,confirmed,"old dead, new live, texts match"
125,https://www.thingelstad.com/2019/11/02/at-the-wits.html,https://www.thingelstad.com/2019/11/02/200451.html,1213321,2019-11-02,at the wits reunion show at the fitzgerald,at the wits reunion show at the fitzgerald enjoyed open mike eagle at the wits r,1.00,404,,200,,https://www.thingelstad.com/2019/11/02/200451.html,,confirmed,"old dead, new live, texts match"
125,https://www.thingelstad.com/2019/11/02/enjoyed-open-mike.html,https://www.thingelstad.com/2019/11/02/200451.html,1213321,2019-11-02,enjoyed open mike eagle at the wits reunion show tonight recommend checking out ,at the wits reunion show at the fitzgerald enjoyed open mike eagle at the wits r,1.00,404,,200,,https://www.thingelstad.com/2019/11/02/200451.html,,confirmed,"old dead, new live, texts match"
125,https://www.thingelstad.com/2019/11/03/hitting-balls-at.html,https://www.thingelstad.com/2019/11/03/160928.html,1437903,2019-11-03,hitting balls at batting cages of minnesota,hitting balls at batting cages of minnesota,1.00,404,,200,,https://www.thingelstad.com/2019/11/03/160928.html,,confirmed,"old dead, new live, texts match"
126,https://www.thingelstad.com/2019/11/08/family-selfie-from.html,https://www.thingelstad.com/2019/11/08/timberwolves-v-warriors.html,1216499,2019-11-08,family selfie from timberwolves v golden state warriors basketball game,ready for the timberwolves v golden state warriors basketball game family selfie,1.00,404,,200,,https://www.thingelstad.com/2019/11/08/timberwolves-v-warriors.html,,confirmed,"old dead, new live, texts match"
126,https://www.thingelstad.com/2019/11/08/great-first-half.html,https://www.thingelstad.com/2019/11/08/timberwolves-v-warriors.html,1216499,2019-11-08,great first half for timberwolves v warriors game wolves trailing by 1 60 61,ready for the timberwolves v golden state warriors basketball game family selfie,1.00,404,,200,,https://www.thingelstad.com/2019/11/08/timberwolves-v-warriors.html,,confirmed,"old dead, new live, texts match"
126,https://www.thingelstad.com/2019/11/08/ready-for-the.html,https://www.thingelstad.com/2019/11/08/timberwolves-v-warriors.html,1216499,2019-11-08,ready for the timberwolves v golden state warriors basketball game,ready for the timberwolves v golden state warriors basketball game family selfie,1.00,404,,200,,https://www.thingelstad.com/2019/11/08/timberwolves-v-warriors.html,,confirmed,"old dead, new live, texts match"
126,https://www.thingelstad.com/2019/11/08/tipoff-go-wolves.html,https://www.thingelstad.com/2019/11/08/timberwolves-v-warriors.html,1216499,2019-11-08,tip off go wolves,ready for the timberwolves v golden state warriors basketball game family selfie,1.00,404,,200,,https://www.thingelstad.com/2019/11/08/timberwolves-v-warriors.html,,confirmed,"old dead, new live, texts match"
126,https://www.thingelstad.com/2019/11/08/wow-wolves-get.html,https://www.thingelstad.com/2019/11/08/timberwolves-v-warriors.html,1216499,2019-11-08,wow wolves get a jump ball and score to tie at 110 110 and send this warriors ga,ready for the timberwolves v golden state warriors basketball game family selfie,1.00,404,,200,,https://www.thingelstad.com/2019/11/08/timberwolves-v-warriors.html,,confirmed,"old dead, new live, texts match"
126,https://www.thingelstad.com/2019/11/12/congratulations-to-the.html,https://www.thingelstad.com/2019/11/12/growth-summit.html,1218755,2019-11-12,congratulations to the four teamsps members that we recognized for over twenty y,selfie with teamsps before our 2020 growth summit we had a great time today at t,1.00,404,,200,,https://www.thingelstad.com/2019/11/12/growth-summit.html,,confirmed,"old dead, new live, texts match"
126,https://www.thingelstad.com/2019/11/12/john-sweeney-gave.html,https://www.thingelstad.com/2019/11/12/growth-summit.html,1218755,2019-11-12,john sweeney gave a thought provoking and actionable keynote for teamsps today o,selfie with teamsps before our 2020 growth summit we had a great time today at t,1.00,404,,200,,https://www.thingelstad.com/2019/11/12/growth-summit.html,,confirmed,"old dead, new live, texts match"
126,https://www.thingelstad.com/2019/11/12/selfie-with-teamsps.html,https://www.thingelstad.com/2019/11/12/growth-summit.html,1218755,2019-11-12,selfie with teamsps before our 2020 growth summit,selfie with teamsps before our 2020 growth summit we had a great time today at t,1.00,404,,200,,https://www.thingelstad.com/2019/11/12/growth-summit.html,,confirmed,"old dead, new live, texts match"
126,https://www.thingelstad.com/2019/11/12/we-had-a.html,https://www.thingelstad.com/2019/11/12/growth-summit.html,1218755,2019-11-12,we had a great time today at teamsps celebrating our wins from 2019 and looking ,selfie with teamsps before our 2020 growth summit we had a great time today at t,1.00,404,,200,,https://www.thingelstad.com/2019/11/12/growth-summit.html,,confirmed,"old dead, new live, texts match"
126,https://www.thingelstad.com/2019/11/14/lets-go-wild.html,https://www.thingelstad.com/2019/11/14/192527.html,1220036,2019-11-14,let s go wild wild v coyotes tonight at xcel center,let s go wild wild v coyotes tonight at xcel center wild go ahead 2 1 over coyot,1.00,404,,200,,https://www.thingelstad.com/2019/11/14/192527.html,,confirmed,"old dead, new live, texts match"
126,https://www.thingelstad.com/2019/11/14/wild-go-ahead.html,https://www.thingelstad.com/2019/11/14/192527.html,1220036,2019-11-14,wild go ahead 2 1 over coyotes after parise goal oh wait now coyotes tie it back,let s go wild wild v coyotes tonight at xcel center wild go ahead 2 1 over coyot,1.00,404,,200,,https://www.thingelstad.com/2019/11/14/192527.html,,confirmed,"old dead, new live, texts match"
130,https://www.thingelstad.com/2019/12/07/enjoyed-winter-fireworks.html,https://www.thingelstad.com/2019/12/07/holidazzle.html,1229899,2019-12-07,enjoyed winter fireworks at loring park for holidazzle tonight,we went to holidazzle for the first time in years and years last time we went it,1.00,404,,200,,https://www.thingelstad.com/2019/12/07/holidazzle.html,,confirmed,"old dead, new live, texts match"
130,https://www.thingelstad.com/2019/12/07/we-went-to.html,https://www.thingelstad.com/2019/12/07/holidazzle.html,1229899,2019-12-07,we went to holidazzle for the first time in years and years last time we went it,we went to holidazzle for the first time in years and years last time we went it,1.00,404,,200,,https://www.thingelstad.com/2019/12/07/holidazzle.html,,confirmed,"old dead, new live, texts match"
135,https://www.thingelstad.com/2020/02/09/family-selfie-at.html,https://www.thingelstad.com/2020/02/09/182038.html,1262409,2020-02-09,family selfie at minnesota wild game go wild mnwild,minnesota wild v colorado avalanche tonight go wild family selfie at minnesota w,0.88,404,,200,,https://www.thingelstad.com/2020/02/09/182038.html,,confirmed,"old dead, but the texts differ; Jamie approved 2026-10-01 (hashtags/mentions dropped in micro.blog merge)"
135,https://www.thingelstad.com/2020/02/09/minnesota-wild-v.html,https://www.thingelstad.com/2020/02/09/182038.html,1262409,2020-02-09,minnesota wild v colorado avalanche tonight go wild,minnesota wild v colorado avalanche tonight go wild family selfie at minnesota w,1.00,404,,200,,https://www.thingelstad.com/2020/02/09/182038.html,,confirmed,"old dead, new live, texts match"
137,https://www.thingelstad.com/2020/02/26/configuring-my-raspbery.html,https://www.thingelstad.com/2020/02/26/191614.html,1272965,2020-02-26,configuring my raspberry pi 3b with pi hole,configuring my raspbery pi 3b with pi hole pi hole up and running easy to setup,0.86,404,,200,,https://www.thingelstad.com/2020/02/26/191614.html,,confirmed,"old dead, but the texts differ; Jamie approved 2026-10-01 (hashtags/mentions dropped in micro.blog merge)"
137,https://www.thingelstad.com/2020/02/26/pihole-up-and.html,https://www.thingelstad.com/2020/02/26/191614.html,1272965,2020-02-26,pi hole up and running easy to setup,configuring my raspbery pi 3b with pi hole pi hole up and running easy to setup,1.00,404,,200,,https://www.thingelstad.com/2020/02/26/191614.html,,confirmed,"old dead, new live, texts match"
137,https://www.thingelstad.com/2020/02/27/after-the-tech.html,https://www.thingelstad.com/2020/02/27/213625.html,1275386,2020-02-27,after the tech talent event today john avenson vp of technology for the minnesot,after the tech talent event today john avenson vp of technology for the minnesot,1.00,404,,200,,https://www.thingelstad.com/2020/02/27/213625.html,,confirmed,"old dead, new live, texts match"
137,https://www.thingelstad.com/2020/02/27/it-was-a.html,https://www.thingelstad.com/2020/02/27/mhta-tech-talent.html,1275385,2020-02-27,it was a privilege to be able to share some perspective and success stories at t,learned a lot this morning at the mhta tech talent 2020 event a wealth of data f,0.97,404,,200,,https://www.thingelstad.com/2020/02/27/mhta-tech-talent.html,,confirmed,"old dead, new live, texts match"
137,https://www.thingelstad.com/2020/02/27/learned-a-lot.html,https://www.thingelstad.com/2020/02/27/mhta-tech-talent.html,1275385,2020-02-27,learned a lot this morning at the mhta tech talent 2020 event a wealth of data f,learned a lot this morning at the mhta tech talent 2020 event a wealth of data f,0.96,404,,200,,https://www.thingelstad.com/2020/02/27/mhta-tech-talent.html,,confirmed,"old dead, new live, texts match"
137,https://www.thingelstad.com/2020/02/27/the-success-stories.html,https://www.thingelstad.com/2020/02/27/mhta-tech-talent.html,1275385,2020-02-27,the success stories from minnesota workplaces at today s mhta tech talent 2020 e,learned a lot this morning at the mhta tech talent 2020 event a wealth of data f,0.92,404,,200,,https://www.thingelstad.com/2020/02/27/mhta-tech-talent.html,,confirmed,"old dead, new live, texts match"
137,https://www.thingelstad.com/2020/02/27/upon-seeing-this.html,https://www.thingelstad.com/2020/02/27/213625.html,1275386,2020-02-27,upon seeing this cable tray amy patton pattonamyj blurts out that s beautiful wi,after the tech talent event today john avenson vp of technology for the minnesot,0.96,404,,200,,https://www.thingelstad.com/2020/02/27/213625.html,,confirmed,"old dead, new live, texts match"
139,https://www.thingelstad.com/2020/03/08/celebrating-international-womens.html,https://www.thingelstad.com/2020/03/08/celebrating-international-womens-day-iwd.html,1038646,2020-03-08,celebrating international women s day 2020 iwd2020 eachforequal,celebrating international women s day 2020 iwd2020 eachforequal see iwd 2024 202,1.00,404,,200,,https://www.thingelstad.com/2020/03/08/celebrating-international-womens-day-iwd.html,,confirmed,"old dead, new live, texts match"
247,https://www.thingelstad.com/2023/03/20/we-finished-our.html,https://www.thingelstad.com/2023/03/20/we-finished-our-weekend-in.html,1842627,2023-03-20,we finished our weekend in new york with a walk down the high line this is one o,we finished our weekend in new york with a walk down the high line this is one o,1.00,404,,200,,https://www.thingelstad.com/2023/03/20/we-finished-our-weekend-in.html,,confirmed,"old dead, new live, texts match"
252,https://www.thingelstad.com/2023/04/21/gorgeous-day-to.html,https://www.thingelstad.com/2023/04/21/gorgeous-day-to-enjoy-a.html,2845200,2023-04-21,gorgeous day to enjoy a walk along the high line in manhattan just one month aft,gorgeous day to enjoy a walk along the high line in manhattan just one month aft,1.00,404,,200,,https://www.thingelstad.com/2023/04/21/gorgeous-day-to-enjoy-a.html,,confirmed,"old dead, new live, texts match"
253,https://www.thingelstad.com/2023/04/30/walking-the-high.html,https://www.thingelstad.com/2023/04/30/walking-the-high-line-is.html,2926102,2023-04-30,walking the high line is now a tradition for any trip to new york we hoped to fi,walking the high line is now a tradition for any trip to new york we hoped to fi,1.00,404,,200,,https://www.thingelstad.com/2023/04/30/walking-the-high-line-is.html,,confirmed,"old dead, new live, texts match"
302,https://www.thingelstad.com/2024/11/18/the-urban-wing.html,https://www.thingelstad.com/2024/11/18/the-northup-sauna-was-delivered.html,4472399,2024-11-18,the urban wing sauna was delivered today darin and crew did a great job it fits ,the northup sauna was delivered today darin and crew did a great job it fits in ,0.95,404,,200,,https://www.thingelstad.com/2024/11/18/the-northup-sauna-was-delivered.html,,confirmed,"old dead, new live, texts match"
303,https://www.thingelstad.com/2024/11/22/added-the-bullfrog.html,https://www.thingelstad.com/2024/11/23/added-the-bullfrog-x-hot.html,4480294,2024-11-22,added the bullfrog x8 hot tub to pair with the urban wing sauna happened to get ,added the bullfrog x8 hot tub to pair with the northup sauna happened to get it ,0.95,404,,200,,https://www.thingelstad.com/2024/11/23/added-the-bullfrog-x-hot.html,,confirmed,"old dead, new live, texts match"
312,https://www.thingelstad.com/2025/03/01/this-view-of-my-urban.html,https://www.thingelstad.com/2025/03/01/this-view-of-my-northup.html,5203145,2025-03-01,this view of my urban wing sauna is still super pretty for me sauna up to 180 f ,this view of my northup sauna is still super pretty for me sauna up to 180 f and,0.90,404,,200,,https://www.thingelstad.com/2025/03/01/this-view-of-my-northup.html,,confirmed,"old dead, new live, texts match"
327,https://www.thingelstad.com/2025/09/17/poap-at-sps-women-in.html,https://www.thingelstad.com/2025/09/17/poap-for-sps-women-in.html,5572459,2025-09-17,poap 7453396 for sps women in tech q3 2025 lunch learn the image for this poap w,poap 7453396 for sps women in tech q3 2025 lunch learn the image for this poap w,1.00,404,,200,,https://www.thingelstad.com/2025/09/17/poap-for-sps-women-in.html,,confirmed,"old dead, new live, texts match"
